id,title,summary,full_text,category,source,url,published,reading_time_min
1,"Government rescuing citizens forced into cybercrime in this country, here’s how","Government rescues citizens from cyber fraud in Cambodia, tackles global cybercrime surge. Indian organisations face increased cyberattacks. Palo Alto Networks predicts cybersecurity trends for 2024, emphasizing holistic security approaches.","Government rescuing citizens forced into cybercrime in this country, here’s how. Government rescues citizens from cyber fraud in Cambodia, tackles global cybercrime surge. Indian organisations face increased cyberattacks. Palo Alto Networks predicts cybersecurity trends for 2024, emphasizing holistic security approaches.",Technology,"Technology News, Latest Gadget Reviews, Gaming & Tech Videos | Times of India",https://timesofindia.indiatimes.com/technology/tech-news/government-rescuing-citizens-forced-into-cybercrime-in-this-country-heres-how/articleshow/108921324.cms,2024-03-31T19:37:34+05:30,1
2,"How IPL 2024 may boost TV sales in India, and how it's not surprising","IPL drives TV sales, boosting shipments and preference for online purchases of premium models. QLED TV popularity rises in 2023 despite challenges. Smart TV penetration expected to increase further.","How IPL 2024 may boost TV sales in India, and how it's not surprising. IPL drives TV sales, boosting shipments and preference for online purchases of premium models. QLED TV popularity rises in 2023 despite challenges. Smart TV penetration expected to increase further.",Technology,"Technology News, Latest Gadget Reviews, Gaming & Tech Videos | Times of India",https://timesofindia.indiatimes.com/technology/appliances/how-ipl-2024-may-boost-tv-sales-in-india-and-how-its-not-surprising/articleshow/108877292.cms,2024-03-29T16:59:01+05:30,1
3,How India's 'national security' concerns has made Apple rework its strategy for iPhones made in India,"Apple is seeking new suppliers, including Indian, Japanese, and South Korean component makers, due to delayed government clearances for imports from existing Chinese suppliers. The company aims to establish ""just-in-time"" supply chains in India to expedite local production of flagship iPhones and iPads. While 14 Chinese companies received initial approvals to set up manufacturing facilities in India, the applications of four companies have been indefinitely delayed.","How India's 'national security' concerns has made Apple rework its strategy for iPhones made in India. Apple is seeking new suppliers, including Indian, Japanese, and South Korean component makers, due to delayed government clearances for imports from existing Chinese suppliers. The company aims to establish ""just-in-time"" supply chains in India to expedite local production of flagship iPhones and iPads. While 14 Chinese companies received initial approvals to set up manufacturing facilities in India, the applications of four companies have been indefinitely delayed.",Technology,"Technology News, Latest Gadget Reviews, Gaming & Tech Videos | Times of India",https://timesofindia.indiatimes.com/gadgets-news/how-indias-national-security-concerns-has-made-apple-rework-its-strategy-for-iphones-made-in-india/articleshow/105785529.cms,2023-12-06T17:13:10+05:30,1
4,"HPBOSE 10th Result 2022 LIVE Updates: Himachal Board HP 10th result today at 11, check details here",,"HPBOSE 10th Result 2022 LIVE Updates: Himachal Board HP 10th result today at 11, check details here. ",Technology,"Technology News, Latest Gadget Reviews, Gaming & Tech Videos | Times of India",https://timesofindia.indiatimes.com/home/education/hpbose-10th-result-live-updates-hp-board-10th-result-term-2-himachal-board-result-at-hpbose-org/liveblog/92532068.cms,2022-06-29T07:55:46+05:30,1
5,Chromebooks to reportedly get Spatial Audio support soon,"Chromebooks may soon offer a more immersive audio experience with Spatial Audio technology, simulating surround sound for movies, games, and music, making them a compelling choice for multimedia consumption and entertainment.","Chromebooks to reportedly get Spatial Audio support soon. Chromebooks may soon offer a more immersive audio experience with Spatial Audio technology, simulating surround sound for movies, games, and music, making them a compelling choice for multimedia consumption and entertainment.",Technology,"Technology News, Latest Gadget Reviews, Gaming & Tech Videos | Times of India",https://timesofindia.indiatimes.com/technology/laptops-pc/chromebooks-to-repeatedly-get-spatial-audio-support-soon/articleshow/110030761.cms,2024-05-11T13:13:21+05:30,1
6,"Apple iPhone 7, iPhone 7 Plus price details revealed, goes up to Rs 92,000","The iPhone 7 Plus 32GB, 128GB and 256GB will cost Rs 72,000, Rs 82,000 and Rs 92,000 respectively","Apple iPhone 7, iPhone 7 Plus price details revealed, goes up to Rs 92,000. The iPhone 7 Plus 32GB, 128GB and 256GB will cost Rs 72,000, Rs 82,000 and Rs 92,000 respectively",Technology,"Technology News, Latest Gadget Reviews, Gaming & Tech Videos | Times of India",https://timesofindia.indiatimes.com/tech-news/apple-iphone-7-iphone-7-plus-price-details-revealed-goes-up-to-rs-92000/articleshow/54345770.cms,2016-09-15T15:01:04+05:30,1
7,"Apple slashes prices of iPhone 6s and iPhone 6s Plus by up to Rs 22,000","Apple has announced biggest-ever price drop for its smartphones in India. Under the new pricing, iPhone 6S (128GB), carying an MRP of Rs 82,000, will now be available at an MRP of Rs 60,000. iPhone 6s Plus (128GB) will now be available at an MRP of Rs 70,000, the smartphone too has received a price cut of Rs 22,000. Apple's 4-inch smartphone iPhone SE, too has got a price cut. The 64GB version of iPhone SE will now be available at Rs 44,000.","Apple slashes prices of iPhone 6s and iPhone 6s Plus by up to Rs 22,000. Apple has announced biggest-ever price drop for its smartphones in India. Under the new pricing, iPhone 6S (128GB), carying an MRP of Rs 82,000, will now be available at an MRP of Rs 60,000. iPhone 6s Plus (128GB) will now be available at an MRP of Rs 70,000, the smartphone too has received a price cut of Rs 22,000. Apple's 4-inch smartphone iPhone SE, too has got a price cut. The 64GB version of iPhone SE will now be available at Rs 44,000.",Technology,"Technology News, Latest Gadget Reviews, Gaming & Tech Videos | Times of India",https://timesofindia.indiatimes.com/tech-news/apple-slashes-prices-of-iphone-6s-and-iphone-6s-plus-by-up-to-rs-22000/articleshow/54343205.cms,2016-09-15T12:11:19+05:30,1
8,WhatsApp privacy policy challenged in Delhi High Court: 5 things to know,A public interest litigation in the Delhi High Court (HC) challenges the change in WhatsApp's privacy policy.,WhatsApp privacy policy challenged in Delhi High Court: 5 things to know. A public interest litigation in the Delhi High Court (HC) challenges the change in WhatsApp's privacy policy.,Technology,"Technology News, Latest Gadget Reviews, Gaming & Tech Videos | Times of India",http://timesofindia.indiatimes.com/tech/slideshows/WhatsApp-privacy-policy-challenged-in-Delhi-High-Court-5-things-to-know/itslideshow/54332813.cms,2016-09-15T09:30:14+05:30,1
9,Apple iOS 10 surpasses iOS 9 in early adoption in just 24 hours,"iOS 10 reached 14.45% of eligible devices in the first 24 hours of its release. In comparison, iOS 9 was on 12.60% of eligible device within 24 hours of it being released for all users.","Apple iOS 10 surpasses iOS 9 in early adoption in just 24 hours. iOS 10 reached 14.45% of eligible devices in the first 24 hours of its release. In comparison, iOS 9 was on 12.60% of eligible device within 24 hours of it being released for all users.",Technology,"Technology News, Latest Gadget Reviews, Gaming & Tech Videos | Times of India",https://timesofindia.indiatimes.com/tech-news/apple-ios-10-surpasses-ios-9-in-early-adoption-in-just-24-hours/articleshow/54346446.cms,2016-09-15T15:55:51+05:30,1
10,Fitbit Charge 2 review: Towards a healthier you,"Fitness tracking wearables maker Fitbit recently launched its Charge 2 and Flex 2 fitness trackers in India. While the Flex 2 is priced at Rs 9,499, the more expensive Charge 2 bears a price tag of Rs 14,999. The new Fitbit Charge 2 has a heart-rate monitor, a feature previously limited to the 'HR' edition of the Charge only. It comes with a touch-sensitive OLED display, as well as a 3-axis accelerometer, an altimeter and a vibration motor. Fitbit Charge 2 syncs with its companion smartphone app over Bluetooth.","Fitbit Charge 2 review: Towards a healthier you. Fitness tracking wearables maker Fitbit recently launched its Charge 2 and Flex 2 fitness trackers in India. While the Flex 2 is priced at Rs 9,499, the more expensive Charge 2 bears a price tag of Rs 14,999. The new Fitbit Charge 2 has a heart-rate monitor, a feature previously limited to the 'HR' edition of the Charge only. It comes with a touch-sensitive OLED display, as well as a 3-axis accelerometer, an altimeter and a vibration motor. Fitbit Charge 2 syncs with its companion smartphone app over Bluetooth.",Technology,"Technology News, Latest Gadget Reviews, Gaming & Tech Videos | Times of India",https://timesofindia.indiatimes.com/reviews/fitbit-charge-2-review-towards-a-healthier-you/articleshow/54328890.cms,2016-09-14T16:12:54+05:30,1
11,"Apple iPhone 7, iPhone 7 Plus available for pre-order in India",All those Apple fans out there in India waiting desperately to lay there hands on the next iPhones -- iPhone 7 and iPhone 7 Plus -- can now pre-order the new smartphones.,"Apple iPhone 7, iPhone 7 Plus available for pre-order in India. All those Apple fans out there in India waiting desperately to lay there hands on the next iPhones -- iPhone 7 and iPhone 7 Plus -- can now pre-order the new smartphones.",Technology,"Technology News, Latest Gadget Reviews, Gaming & Tech Videos | Times of India",https://timesofindia.indiatimes.com/tech-news/apple-iphone-7-iphone-7-plus-available-for-pre-orders-in-india/articleshow/54324516.cms,2016-09-14T11:57:47+05:30,1
12,"Apple CEO Tim Cook on India, Steve Jobs, missteps and more","Apple CEO Tim Cook is a man of few words. In an interview to Washington Post, the usually reticent CEO of one of the world's most valuable company talked about a number of things including the 'enormous India opportunity', Steve Jobs, mistakes made during his tenure so far and much more.","Apple CEO Tim Cook on India, Steve Jobs, missteps and more. Apple CEO Tim Cook is a man of few words. In an interview to Washington Post, the usually reticent CEO of one of the world's most valuable company talked about a number of things including the 'enormous India opportunity', Steve Jobs, mistakes made during his tenure so far and much more.",Technology,"Technology News, Latest Gadget Reviews, Gaming & Tech Videos | Times of India",http://timesofindia.indiatimes.com/tech/slideshows/Apple-CEO-Tim-Cook-on-India-Steve-Jobs-missteps-and-more/itslideshow/54329607.cms,2016-09-14T17:09:22+05:30,1
13,"RCom, Aircel announce merger; create fourth largest telco in India","​Reliance Communications and Aircel will hold 50% stake each in the new combined entity, which will be listed later. Both companies will also transfer debt of Rs 14,000 crore each. As for the net worth of the new company, it’ll be around Rs 35,000 crore.​","RCom, Aircel announce merger; create fourth largest telco in India. ​Reliance Communications and Aircel will hold 50% stake each in the new combined entity, which will be listed later. Both companies will also transfer debt of Rs 14,000 crore each. As for the net worth of the new company, it’ll be around Rs 35,000 crore.​",Technology,"Technology News, Latest Gadget Reviews, Gaming & Tech Videos | Times of India",https://timesofindia.indiatimes.com/tech-news/rcom-aircel-announce-merger-create-fourth-largest-telco-in-india/articleshow/54331909.cms,2016-09-14T19:13:52+05:30,1
14,"Android Marshmallow share increases, still stays behind Lollipop","Although a significant increase, Android Marshmallow still lies below Android Lollipop, and Kitkat on the list. As per the latest distribution numbers, Android Lollipop 5.0 and v5.1 together run on 35% Android devices, followed by Android Kitkat 4.4 with a 27.7% share.","Android Marshmallow share increases, still stays behind Lollipop. Although a significant increase, Android Marshmallow still lies below Android Lollipop, and Kitkat on the list. As per the latest distribution numbers, Android Lollipop 5.0 and v5.1 together run on 35% Android devices, followed by Android Kitkat 4.4 with a 27.7% share.",Technology,"Technology News, Latest Gadget Reviews, Gaming & Tech Videos | Times of India",https://timesofindia.indiatimes.com/tech-news/android-marshmallow-share-increases-still-stays-behind-lollipop/articleshow/54330541.cms,2016-09-14T17:44:06+05:30,1
15,"Apple watchOS 3, tvOS 10: Top features and download guide","To download watchOS 3, users are recommended to install the latest iOS version and keep the Apple Watch’s minimum charge of up to 50%.","Apple watchOS 3, tvOS 10: Top features and download guide. To download watchOS 3, users are recommended to install the latest iOS version and keep the Apple Watch’s minimum charge of up to 50%.",Technology,"Technology News, Latest Gadget Reviews, Gaming & Tech Videos | Times of India",https://timesofindia.indiatimes.com/tech-news/apple-watchos-3-tvos-10-top-features-and-download-guide/articleshow/54330329.cms,2016-09-14T17:34:21+05:30,1
16,WhatsApp defends its new privacy policy in Delhi High Court,"Instant messaging platform WhatsApp today opposed in Delhi High Court a plea alleging that privacy of its users has been threatened by a new privacy policy announced by Facebook, saying regulations were in place and the latter does not have access to any data as it provides end-to-end encryption.","WhatsApp defends its new privacy policy in Delhi High Court. Instant messaging platform WhatsApp today opposed in Delhi High Court a plea alleging that privacy of its users has been threatened by a new privacy policy announced by Facebook, saying regulations were in place and the latter does not have access to any data as it provides end-to-end encryption.",Technology,"Technology News, Latest Gadget Reviews, Gaming & Tech Videos | Times of India",https://timesofindia.indiatimes.com/tech-news/whatsapp-defends-its-new-privacy-policy-in-delhi-high-court/articleshow/54333806.cms,2016-09-14T21:02:38+05:30,1
17,Facebook rolls out Discover Groups feature in India,"The feature lets users browse through groups divided into 25 categories such as parenting, sports, food, buy &amp; sell and more. Each topic page highlights the top suggested groups, based on popularity and group members that users might already know.","Facebook rolls out Discover Groups feature in India. The feature lets users browse through groups divided into 25 categories such as parenting, sports, food, buy &amp; sell and more. Each topic page highlights the top suggested groups, based on popularity and group members that users might already know.",Technology,"Technology News, Latest Gadget Reviews, Gaming & Tech Videos | Times of India",https://timesofindia.indiatimes.com/tech-news/facebook-rolls-out-discover-groups-feature-in-india/articleshow/54331489.cms,2016-09-14T18:51:29+05:30,1
18,Motorola Moto E3 Power smartphone to launch in India on September 19,"Lenovo-owned Motorola is all set to launch its latest budget smartphone – Moto E3 Power, in India. The company has confirmed on its social channels that it will be launching the Moto E3 Power at an event scheduled for September 19. The smartphone will be available exclusively on Flipakrt.","Motorola Moto E3 Power smartphone to launch in India on September 19. Lenovo-owned Motorola is all set to launch its latest budget smartphone – Moto E3 Power, in India. The company has confirmed on its social channels that it will be launching the Moto E3 Power at an event scheduled for September 19. The smartphone will be available exclusively on Flipakrt.",Technology,"Technology News, Latest Gadget Reviews, Gaming & Tech Videos | Times of India",https://timesofindia.indiatimes.com/tech-news/motorola-moto-e3-power-smartphone-to-launch-in-india-on-september-19/articleshow/54335458.cms,2016-09-14T22:42:36+05:30,1
19,Your new gadget is just an EMI away,Financial technology startup Finomena lets you buy high-end products and devices through EMIs without a credit score.,Your new gadget is just an EMI away. Financial technology startup Finomena lets you buy high-end products and devices through EMIs without a credit score.,Technology,"Technology News, Latest Gadget Reviews, Gaming & Tech Videos | Times of India",https://timesofindia.indiatimes.com/computing/your-new-gadget-is-just-an-emi-away/articleshow/54330637.cms,2016-09-14T17:46:39+05:30,1
20,"iOS 10: Ten new features your iPhones, iPads are set to get",Apple's latest mobile operating system -- iOS 10 -- is rolling our to users globally starting today.,"iOS 10: Ten new features your iPhones, iPads are set to get. Apple's latest mobile operating system -- iOS 10 -- is rolling our to users globally starting today.",Technology,"Technology News, Latest Gadget Reviews, Gaming & Tech Videos | Times of India",http://timesofindia.indiatimes.com/tech/slideshows/iOS-10-Ten-news-features-your-iPhones-iPads-are-set-to-get/itslideshow/54313971.cms,2016-09-13T19:47:52+05:30,1
21,"‘System already straining’: Global oil buffers shrink amid mounting supply risks, say industry leaders",,"‘System already straining’: Global oil buffers shrink amid mounting supply risks, say industry leaders. ",Business,"Business News Today: Stock Markets, Financial News, India Business & World Business News",https://timesofindia.indiatimes.com/business/india-business/system-already-straining-global-oil-buffers-shrink-amid-mounting-supply-risks-say-industry-leaders/articleshow/134748674.cms,2026-10-07T00:11:33+05:30,1
22,He bought an SUV for Rs 13.69 lakh; gets Rs 10.99 lakh refund plus interest over repeated DPF issues,"The Kurnool District Consumer Disputes Redressal Commission has directed the car manufacturer and its dealer to refund the ex-showroom price of a diesel car to its owner after the vehicle was found to have developed recurring diesel particulate filter (DPF) problems. The Kurnool District Consumer Disputes Redressal Commission directed the car manufacturer and its dealer to pay the car owner Rs 10.99 lakh, which is the ex-showroom price of the vehicle.","He bought an SUV for Rs 13.69 lakh; gets Rs 10.99 lakh refund plus interest over repeated DPF issues. The Kurnool District Consumer Disputes Redressal Commission has directed the car manufacturer and its dealer to refund the ex-showroom price of a diesel car to its owner after the vehicle was found to have developed recurring diesel particulate filter (DPF) problems. The Kurnool District Consumer Disputes Redressal Commission directed the car manufacturer and its dealer to pay the car owner Rs 10.99 lakh, which is the ex-showroom price of the vehicle.",Business,"Business News Today: Stock Markets, Financial News, India Business & World Business News",https://timesofindia.indiatimes.com/business/india-business/he-bought-an-suv-car-in-2022-for-rs-13-69-lakh-repeated-dpf-issues-followed-consumer-commission-finds-deficiency-in-service-and-awards-rs-10-99-lakh-refund-9-interest-and-compensation/articleshow/134728365.cms,2026-10-06T20:31:22+05:30,1
23,ATF price shock: Govt weighs revival of stabilisation fund as airlines feel fuel heat - report,,ATF price shock: Govt weighs revival of stabilisation fund as airlines feel fuel heat - report. ,Business,"Business News Today: Stock Markets, Financial News, India Business & World Business News",https://timesofindia.indiatimes.com/business/india-business/atf-price-shock-govt-weighs-revival-of-stabilisation-fund-as-airlines-feel-fuel-heat-report/articleshow/134742005.cms,2026-10-06T19:35:45+05:30,1
24,"US-Iran war, Trump tariff threat: Why India can't take its high growth for granted","While India’s domestic growth story stays resilient, the external sector risks continue, and with mounting impact and ripple effects. As the Department of Economic Affairs notes, global conditions have turned unfavourable again. Oil prices have spiked in September. Global bond yields have moved sharply higher and continue to climb.","US-Iran war, Trump tariff threat: Why India can't take its high growth for granted. While India’s domestic growth story stays resilient, the external sector risks continue, and with mounting impact and ripple effects. As the Department of Economic Affairs notes, global conditions have turned unfavourable again. Oil prices have spiked in September. Global bond yields have moved sharply higher and continue to climb.",Business,"Business News Today: Stock Markets, Financial News, India Business & World Business News",https://timesofindia.indiatimes.com/business/india-business/us-iran-war-trump-policies-why-india-should-brace-for-an-economic-hit-despite-high-gdp-growth/articleshow/134734299.cms,2026-10-06T18:58:37+05:30,1
25,"MMTC, STC may lose gold tax edge as 3% GST weighed","The proposal is aimed at ensuring that different channels used to import bullion face similar tax treatment and at reducing classification and valuation disputes that have resulted in lengthy litigation. The issue is likely to be discussed at the GST Council meeting on October 8. Currently, banks and certain nominated agencies are required to pay 3% GST when importing precious metals.","MMTC, STC may lose gold tax edge as 3% GST weighed. The proposal is aimed at ensuring that different channels used to import bullion face similar tax treatment and at reducing classification and valuation disputes that have resulted in lengthy litigation. The issue is likely to be discussed at the GST Council meeting on October 8. Currently, banks and certain nominated agencies are required to pay 3% GST when importing precious metals.",Business,"Business News Today: Stock Markets, Financial News, India Business & World Business News",https://timesofindia.indiatimes.com/business/india-business/mmtc-stc-may-lose-gold-import-tax-advantage-as-gst-council-weighs-3-gst-aim-to-put-banks-nominated-agencies-and-exchanges-on-equal-footing/articleshow/134726830.cms,2026-10-06T18:50:04+05:30,1
26,From SME fund to hailing PM’s 25 years as govt head: Cabinet decisions &amp; resolutions,"Prime Minister Narendra Modi led the Union Cabinet in approving innovative strategies to bolster small businesses and enhance transport infrastructure. The introduction of a Rs 10,000 crore SME Growth Fund aims to empower small and medium enterprises in their growth and tech advancements. Moreover, the formation of the Integrated Transport &amp; Logistics Authority seeks to streamline India's logistics and transport operations.","From SME fund to hailing PM’s 25 years as govt head: Cabinet decisions &amp; resolutions. Prime Minister Narendra Modi led the Union Cabinet in approving innovative strategies to bolster small businesses and enhance transport infrastructure. The introduction of a Rs 10,000 crore SME Growth Fund aims to empower small and medium enterprises in their growth and tech advancements. Moreover, the formation of the Integrated Transport &amp; Logistics Authority seeks to streamline India's logistics and transport operations.",Business,"Business News Today: Stock Markets, Financial News, India Business & World Business News",https://timesofindia.indiatimes.com/business/india-business/cabinet-clears-rs-10000-crore-sme-fund-new-transport-authority-hails-pm-modis-25-years-in-public-life/articleshow/134738385.cms,2026-10-06T17:03:09+05:30,1
27,"Sikkim to get first train link by 2027; Railways fast-tracks Rs 9,000 crore Gangtok line","The 44.5-km Sivok-Rangpo railway line is being constructed at an estimated cost of Rs 17,124 crore and will provide Sikkim with its first direct railway connection. The Rangpo-Gangtok line would serve as an extension of the railway network once the ongoing Sivok-Rangpo project, connecting Sivok in Darjeeling with Rangpo in East Sikkim, is completed.","Sikkim to get first train link by 2027; Railways fast-tracks Rs 9,000 crore Gangtok line. The 44.5-km Sivok-Rangpo railway line is being constructed at an estimated cost of Rs 17,124 crore and will provide Sikkim with its first direct railway connection. The Rangpo-Gangtok line would serve as an extension of the railway network once the ongoing Sivok-Rangpo project, connecting Sivok in Darjeeling with Rangpo in East Sikkim, is completed.",Business,"Business News Today: Stock Markets, Financial News, India Business & World Business News",https://timesofindia.indiatimes.com/business/india-business/sikkim-to-get-train-connectivity-for-first-time-as-44-5-km-sivok-rangpo-project-reaches-75-progress-to-be-completed-by-december-2027-railways-fast-tracks-rs-9000-crore-gangtok-rail-link-as-well/articleshow/134725767.cms,2026-10-06T13:02:37+05:30,1
28,"Cabinet may clear Rs 10,000 crore SME growth fund, integrated logistics authority","The Union Cabinet is expected to review proposals regarding an Integrated Transport and Logistics Authority and a SME Growth Fund. The SME Growth Fund aims to support micro, small, and medium enterprises, enhancing their equity base. Additional funding for the Self-Reliant India Fund will also be considered to assist micro enterprises. Various measures for MSMEs will focus on liquidity, equity, and professional support for compliance.","Cabinet may clear Rs 10,000 crore SME growth fund, integrated logistics authority. The Union Cabinet is expected to review proposals regarding an Integrated Transport and Logistics Authority and a SME Growth Fund. The SME Growth Fund aims to support micro, small, and medium enterprises, enhancing their equity base. Additional funding for the Self-Reliant India Fund will also be considered to assist micro enterprises. Various measures for MSMEs will focus on liquidity, equity, and professional support for compliance.",Business,"Business News Today: Stock Markets, Financial News, India Business & World Business News",https://timesofindia.indiatimes.com/business/india-business/cabinet-may-clear-rs-10000-crore-sme-growth-fund-integrated-logistics-authority/articleshow/134725581.cms,2026-10-06T12:44:53+05:30,1
29,"Gold price prediction: Where are gold prices headed on October 6, 2026?","Gold price prediction today: Easing October Fed rate hike probability, soft US nonfarm payroll report (September) and robust ETF inflows support the shiny metal; however, elevated yields and firm oil prices amid healthy risk appetite cap the gains. The Fed leaders signalling a brief pause in rate hike also supports the metal.","Gold price prediction: Where are gold prices headed on October 6, 2026?. Gold price prediction today: Easing October Fed rate hike probability, soft US nonfarm payroll report (September) and robust ETF inflows support the shiny metal; however, elevated yields and firm oil prices amid healthy risk appetite cap the gains. The Fed leaders signalling a brief pause in rate hike also supports the metal.",Business,"Business News Today: Stock Markets, Financial News, India Business & World Business News",https://timesofindia.indiatimes.com/business/india-business/gold-price-prediction-today-where-are-gold-rates-headed-on-october-06-2026-and-in-the-near-term-mcx-gold-silver-prices/articleshow/134725783.cms,2026-10-06T12:12:15+05:30,1
30,"Rupee falls to 96.39 against dollar as oil rises, FII outflows continue","The rupee faced downward pressure against the US dollar, dropping to 96.39 early in the trading session. This decline stems from rising crude oil prices and ongoing selling by foreign investors. Despite this, domestic equities saw gains, softening the rupee's fall. On Monday, Foreign Institutional Investors sold a net Rs 4,699.14 crore in equities, influencing the currency's performance.","Rupee falls to 96.39 against dollar as oil rises, FII outflows continue. The rupee faced downward pressure against the US dollar, dropping to 96.39 early in the trading session. This decline stems from rising crude oil prices and ongoing selling by foreign investors. Despite this, domestic equities saw gains, softening the rupee's fall. On Monday, Foreign Institutional Investors sold a net Rs 4,699.14 crore in equities, influencing the currency's performance.",Business,"Business News Today: Stock Markets, Financial News, India Business & World Business News",https://timesofindia.indiatimes.com/business/india-business/rupee-falls-to-96-39-against-dollar-as-oil-rises-fii-outflows-continue/articleshow/134724172.cms,2026-10-06T11:05:06+05:30,1
31,"South Korea ships over 150,000T fuel to Russia while backing Ukraine financially","In a nuanced twist, South Korea has been sending considerable quantities of diesel fuel to Russia even as it lends support to Ukraine amidst the ongoing invasion. Recent months have seen multiple shipments, indicating a complex dynamic between the two nations. Notably, this fuel trade continues despite South Korea's promise to aid Ukraine with essential military support and humanitarian assistance.","South Korea ships over 150,000T fuel to Russia while backing Ukraine financially. In a nuanced twist, South Korea has been sending considerable quantities of diesel fuel to Russia even as it lends support to Ukraine amidst the ongoing invasion. Recent months have seen multiple shipments, indicating a complex dynamic between the two nations. Notably, this fuel trade continues despite South Korea's promise to aid Ukraine with essential military support and humanitarian assistance.",Business,"Business News Today: Stock Markets, Financial News, India Business & World Business News",https://timesofindia.indiatimes.com/business/international-business/fueling-both-sides-south-korea-ships-150000t-fuel-to-russia-while-funding-ukraine/articleshow/134723406.cms,2026-10-06T10:51:58+05:30,1
32,"Man gets 6 flats under builder deal, transfers 5 to wife; gets tax notice for Rs 4.14 crore additions","The assessing officer made two major additions in this case. The first, Rs 1,93,78,293, was treated as long-term capital gains on the ground that the man had converted a capital asset into stock-in-trade. The second, of Rs 2,20,98,985, was treated as business income arising from the alleged sale of that stock-in-trade.","Man gets 6 flats under builder deal, transfers 5 to wife; gets tax notice for Rs 4.14 crore additions. The assessing officer made two major additions in this case. The first, Rs 1,93,78,293, was treated as long-term capital gains on the ground that the man had converted a capital asset into stock-in-trade. The second, of Rs 2,20,98,985, was treated as business income arising from the alleged sale of that stock-in-trade.",Business,"Business News Today: Stock Markets, Financial News, India Business & World Business News",https://timesofindia.indiatimes.com/business/india-business/man-enters-jda-for-land-gets-6-flats-from-builder-and-transfers-5-to-wife-but-gets-tax-notice-itat-delhi-deletes-rs-4-14-crore-additions-after-finding-no-stock-in-trade-conversion-or-sale/articleshow/134708592.cms,2026-10-06T10:18:33+05:30,1
33,Google nears $1 billion-plus nuclear power deal with Constellation amid AI boom,"Google is close to finalizing a deal to procure nuclear power from Constellation Energy to support its data centres. This agreement, anticipated to exceed $1 billion, aims to provide reliable electricity amid rising demands from artificial intelligence. In recent months, Google has secured deals with other nuclear firms to enhance its energy capacity. The renewed interest in nuclear power arises from the growing need for sustainable electricity sources.","Google nears $1 billion-plus nuclear power deal with Constellation amid AI boom. Google is close to finalizing a deal to procure nuclear power from Constellation Energy to support its data centres. This agreement, anticipated to exceed $1 billion, aims to provide reliable electricity amid rising demands from artificial intelligence. In recent months, Google has secured deals with other nuclear firms to enhance its energy capacity. The renewed interest in nuclear power arises from the growing need for sustainable electricity sources.",Business,"Business News Today: Stock Markets, Financial News, India Business & World Business News",https://timesofindia.indiatimes.com/business/international-business/google-nears-1-billion-plus-nuclear-power-deal-with-constellation-amid-ai-boom/articleshow/134722202.cms,2026-10-06T09:21:47+05:30,1
34,"Woman declares Rs 67.4 lakh ancestral jewellery in ITR; tax dept sends notice, she wins in ITAT","The assessment threw up two separate issues. The first concerned jewellery worth Rs 67,39,949 that the woman had disclosed in Schedule AL of her income tax return. The tribunal also examined whether the Rs 12 lakh paid to the HUF represented a genuine brokerage expense when the same person, the HUF's Karta/coparcener, had already received another Rs 12 lakh for the same transaction.","Woman declares Rs 67.4 lakh ancestral jewellery in ITR; tax dept sends notice, she wins in ITAT. The assessment threw up two separate issues. The first concerned jewellery worth Rs 67,39,949 that the woman had disclosed in Schedule AL of her income tax return. The tribunal also examined whether the Rs 12 lakh paid to the HUF represented a genuine brokerage expense when the same person, the HUF's Karta/coparcener, had already received another Rs 12 lakh for the same transaction.",Business,"Business News Today: Stock Markets, Financial News, India Business & World Business News",https://timesofindia.indiatimes.com/business/india-business/woman-declared-rs-67-4-lakh-ancestral-jewellery-in-her-itr-which-led-to-additions-by-tax-department-itat-mumbai-deleted-it-on-basis-of-old-records-but-rejected-her-rs-12-lakh-huf-brokerage-claim/articleshow/134706982.cms,2026-10-06T02:53:00+05:30,1
35,"Which are the top stocks you should buy or sell on October 6, 2026?","Stock market recommendations: Dixon Technologies, GAIL, and Prestige Estates Projects have been identified as the top stocks to sell by Somil Mehta, Head of Retail Research, Mirae Asset ShareKhan on October 6, 2026.","Which are the top stocks you should buy or sell on October 6, 2026?. Stock market recommendations: Dixon Technologies, GAIL, and Prestige Estates Projects have been identified as the top stocks to sell by Somil Mehta, Head of Retail Research, Mirae Asset ShareKhan on October 6, 2026.",Business,"Business News Today: Stock Markets, Financial News, India Business & World Business News",https://timesofindia.indiatimes.com/business/india-business/top-stock-recommendations-for-october-06-2026-dixon-technologies-prestige-estates-projects-gail-adani-power-stocks-to-buy-or-sell-today/articleshow/134709080.cms,2026-10-06T08:42:00+05:30,1
36,"Stock market today: NSE Nifty50, BSE Sensex open flat as crude prices hold near $100",,"Stock market today: NSE Nifty50, BSE Sensex open flat as crude prices hold near $100. ",Business,"Business News Today: Stock Markets, Financial News, India Business & World Business News",https://timesofindia.indiatimes.com/business/india-business/sensex-stock-market-today-06-october-2026-live-updates-nse-bse-gift-nifty-50-top-gainers-losers-mcx-stocks-in-focus-market-news/liveblog/134721685.cms,2026-10-06T08:22:36+05:30,1
37,"Oil prices hover near $100 as Middle East supply holds up, Gulf risks persist","Oil prices are currently around $100 a barrel as stable Middle Eastern exports ease supply concerns. However, ongoing regional conflicts, including Houthi attacks, raise risks of disruptions. Officials indicate that rebuilding global oil stockpiles could take years due to significant withdrawals. Industry executives predict that demand recovery may not occur until 2028 or 2029. Prices may stabilize at around $70 a barrel depending on future production levels.","Oil prices hover near $100 as Middle East supply holds up, Gulf risks persist. Oil prices are currently around $100 a barrel as stable Middle Eastern exports ease supply concerns. However, ongoing regional conflicts, including Houthi attacks, raise risks of disruptions. Officials indicate that rebuilding global oil stockpiles could take years due to significant withdrawals. Industry executives predict that demand recovery may not occur until 2028 or 2029. Prices may stabilize at around $70 a barrel depending on future production levels.",Business,"Business News Today: Stock Markets, Financial News, India Business & World Business News",https://timesofindia.indiatimes.com/business/international-business/oil-prices-hover-near-100-as-middle-east-supply-holds-up-gulf-risks-persist/articleshow/134720943.cms,2026-10-06T08:04:05+05:30,1
38,"Trump signs order to ease diesel costs, ‘save millions of dollars’ for farmers","In response to rising diesel prices, US President Donald Trump has enacted an executive order designed to alleviate financial pressures across multiple sectors. This order is anticipated to substantially cut fuel costs for farmers and truck drivers, ultimately contributing to lower grocery prices. Additionally, it urges states to expand access to tax-free red-dyed diesel and consider lifting specific fuel taxes.","Trump signs order to ease diesel costs, ‘save millions of dollars’ for farmers. In response to rising diesel prices, US President Donald Trump has enacted an executive order designed to alleviate financial pressures across multiple sectors. This order is anticipated to substantially cut fuel costs for farmers and truck drivers, ultimately contributing to lower grocery prices. Additionally, it urges states to expand access to tax-free red-dyed diesel and consider lifting specific fuel taxes.",Business,"Business News Today: Stock Markets, Financial News, India Business & World Business News",https://timesofindia.indiatimes.com/business/international-business/trump-signs-order-to-ease-diesel-costs-save-millions-of-dollars-for-farmers/articleshow/134720655.cms,2026-10-06T07:17:52+05:30,1
39,Flying to get costlier as IndiGo hikes fuel surcharge,"IndiGo plans to raise its fuel surcharge due to rising aviation turbine fuel prices and increasing operational costs. The surcharge increase for domestic flights will be between Rs 100 and Rs 350 per sector, effective from October 6, 2026. International flights will see surcharges increase by up to Rs 2,500 per sector. Other airlines are expected to implement similar price hikes in response to these changes.","Flying to get costlier as IndiGo hikes fuel surcharge. IndiGo plans to raise its fuel surcharge due to rising aviation turbine fuel prices and increasing operational costs. The surcharge increase for domestic flights will be between Rs 100 and Rs 350 per sector, effective from October 6, 2026. International flights will see surcharges increase by up to Rs 2,500 per sector. Other airlines are expected to implement similar price hikes in response to these changes.",Business,"Business News Today: Stock Markets, Financial News, India Business & World Business News",https://timesofindia.indiatimes.com/business/india-business/flying-to-get-costlier-as-indigo-hikes-fuel-surcharge/articleshow/134720447.cms,2026-10-06T06:40:32+05:30,1
40,RBI swap scheme boosts private banks' Q2 business numbers,"Private banks witnessed considerable credit and deposit growth in the second quarter of FY27. This growth was driven by the RBI's concessional dollar-rupee swap facility for FCNR(B) deposits. Major banks like Axis Bank, Kotak, and HDFC Bank reported varying growth figures, showing the impact of international branches. Although headline numbers appeared strong, underlying growth was more moderate after adjustments.","RBI swap scheme boosts private banks' Q2 business numbers. Private banks witnessed considerable credit and deposit growth in the second quarter of FY27. This growth was driven by the RBI's concessional dollar-rupee swap facility for FCNR(B) deposits. Major banks like Axis Bank, Kotak, and HDFC Bank reported varying growth figures, showing the impact of international branches. Although headline numbers appeared strong, underlying growth was more moderate after adjustments.",Business,"Business News Today: Stock Markets, Financial News, India Business & World Business News",https://timesofindia.indiatimes.com/business/india-business/rbi-swap-scheme-boosts-private-banks-q2-business-numbers/articleshow/134720409.cms,2026-10-06T06:33:29+05:30,1
41,"Barricade stunt, 9-hour dharna and detentions: All that happened at oppn's CEC protest",,"Barricade stunt, 9-hour dharna and detentions: All that happened at oppn's CEC protest. ",General,Times of India,https://timesofindia.indiatimes.com/india/barricade-stunt-chips-9-hour-dharna-and-detentions-all-that-happened-at-rahul-gandhi-led-cec-protest/articleshow/134746114.cms,"Tue, 06 Oct 2026 22:36:45 +0530",1
42,'Unusual request': EC explains why it could not meet Rahul Gandhi-led opposition MPs,"The Election Commission of India stated that no political party formally requested a meeting as protests occurred. Opposition leaders, including Rahul Gandhi, attempted to march towards the Election Commission to submit a memorandum. The Commission emphasized the need for parties to follow prescribed procedures when seeking meetings. After an unusual request from 240 MPs to meet at Parliament House Annexe, the Commission offered an alternative.","'Unusual request': EC explains why it could not meet Rahul Gandhi-led opposition MPs. The Election Commission of India stated that no political party formally requested a meeting as protests occurred. Opposition leaders, including Rahul Gandhi, attempted to march towards the Election Commission to submit a memorandum. The Commission emphasized the need for parties to follow prescribed procedures when seeking meetings. After an unusual request from 240 MPs to meet at Parliament House Annexe, the Commission offered an alternative.",General,Times of India,https://timesofindia.indiatimes.com/india/unusual-request-ec-explains-why-it-could-not-meet-rahul-gandhi-led-opposition-mps/articleshow/134744625.cms,"Tue, 06 Oct 2026 21:41:54 +0530",1
43,"4.9-magnitude earthquake hits Uttarakhand's Chamoli, tremors felt in Delhi-NCR",Earthquake tremors felt in Delhi-NCR,"4.9-magnitude earthquake hits Uttarakhand's Chamoli, tremors felt in Delhi-NCR. Earthquake tremors felt in Delhi-NCR",General,Times of India,https://timesofindia.indiatimes.com/india/earthquake-tremors-felt-in-delhi-ncr/articleshow/134746208.cms,"Tue, 06 Oct 2026 22:35:39 +0530",1
44,‘We won't be marking Messi’: Benin defender’s message ahead of icon’s farewell,"Benin defender Mohamed Tijani has shared his respect for Lionel Messi before his final international match. Argentina will face Benin in a friendly, marking Messi's farewell in the national team. Tijani emphasised that the focus will be on enjoying the occasion rather than stopping Messi. Messi's international career has been historic, leading Argentina to several achievements, including the World Cup victory.","‘We won't be marking Messi’: Benin defender’s message ahead of icon’s farewell. Benin defender Mohamed Tijani has shared his respect for Lionel Messi before his final international match. Argentina will face Benin in a friendly, marking Messi's farewell in the national team. Tijani emphasised that the focus will be on enjoying the occasion rather than stopping Messi. Messi's international career has been historic, leading Argentina to several achievements, including the World Cup victory.",General,Times of India,https://timesofindia.indiatimes.com/sports/football/top-stories/we-would-not-be-marking-messi-benin-defenders-heartwarming-message-ahead-of-argentina-icons-farewell/articleshow/134746913.cms,"Tue, 06 Oct 2026 23:00:37 +0530",1
45,'Expert in theatrics': BJP hits out at Rahul over protest 'drama' at Akashvani Bhawan,,'Expert in theatrics': BJP hits out at Rahul over protest 'drama' at Akashvani Bhawan. ,General,Times of India,https://timesofindia.indiatimes.com/india/expert-in-theatrics-bjp-its-out-at-rahul-gandhi-over-protest-drama-row-over-meeting-ec/articleshow/134746881.cms,"Tue, 06 Oct 2026 23:00:38 +0530",1
46,"SpaceX overpumped 128M gallons of groundwater; now Texas city has to pay $175,000","McGregor has agreed to pay $175,000 in penalties for groundwater overuse linked to SpaceX's activities. The city will make a one-time payment and subsequent quarterly payments over 25 years. Residents have expressed concerns over the arrangement, as SpaceX primarily drove the overpumping issue. City officials are exploring alternative water sources to address future needs. Groundwater conservation efforts will focus on monitoring and reusing available water resources.","SpaceX overpumped 128M gallons of groundwater; now Texas city has to pay $175,000. McGregor has agreed to pay $175,000 in penalties for groundwater overuse linked to SpaceX's activities. The city will make a one-time payment and subsequent quarterly payments over 25 years. Residents have expressed concerns over the arrangement, as SpaceX primarily drove the overpumping issue. City officials are exploring alternative water sources to address future needs. Groundwater conservation efforts will focus on monitoring and reusing available water resources.",General,Times of India,https://timesofindia.indiatimes.com/technology/tech-news/spacexs-rocket-testing-plant-overpumped-128-million-gallons-of-groundwater-in-three-years-now-this-texas-city-has-to-pay-175000-in-penalties-and-fund-a-new-monitoring-system/articleshow/134743244.cms,"Tue, 06 Oct 2026 20:01:44 +0530",1
47,"As US-India ties face turbulence, American lawmakers honor pilot's courage",,"As US-India ties face turbulence, American lawmakers honor pilot's courage. ",General,Times of India,https://timesofindia.indiatimes.com/world/us/amid-turbulence-in-us-india-ties-american-lawmakers-honor-pilots-courage/articleshow/134747236.cms,"Tue, 06 Oct 2026 23:09:36 +0530",1
48,"Florida mom rides 7,000 miles across 48 states, donates $17,560 to family support home","A Florida woman completed a 7,000-mile motorcycle journey across 48 states in six days. She raised $17,560 for Quantum House, an organization that supported her during her daughter’s hospital stay. The ride attracted attention, allowing her to create awareness about the organization. Jess's daughter, who benefitted from Quantum House, joined her when she presented the raised funds.","Florida mom rides 7,000 miles across 48 states, donates $17,560 to family support home. A Florida woman completed a 7,000-mile motorcycle journey across 48 states in six days. She raised $17,560 for Quantum House, an organization that supported her during her daughter’s hospital stay. The ride attracted attention, allowing her to create awareness about the organization. Jess's daughter, who benefitted from Quantum House, joined her when she presented the raised funds.",General,Times of India,https://timesofindia.indiatimes.com/world/us/a-florida-woman-rode-7000-miles-through-48-states-in-six-days-then-donated-17560-to-the-house-that-supported-her-when-her-2-pound-newborn-spent-nearly-three-months-in-intensive-care/articleshow/134727089.cms,"Tue, 06 Oct 2026 14:30:00 +0530",1
49,'I am already sleepy': Jet-lagged Shreyas Iyer's candid reply after maiden T20I ton,"Shreyas Iyer basked in the glory of his Asian Games gold medal before stepping up to lead India in the T20I series against West Indies. His outstanding innings of 102 not out off just 43 balls propelled India to victory. Iyer acknowledged the challenges of travel but showcased his adaptability. Meanwhile, debutant Naman Dhir shone with three wickets, cementing a solid bowling effort.","'I am already sleepy': Jet-lagged Shreyas Iyer's candid reply after maiden T20I ton. Shreyas Iyer basked in the glory of his Asian Games gold medal before stepping up to lead India in the T20I series against West Indies. His outstanding innings of 102 not out off just 43 balls propelled India to victory. Iyer acknowledged the challenges of travel but showcased his adaptability. Meanwhile, debutant Naman Dhir shone with three wickets, cementing a solid bowling effort.",General,Times of India,https://timesofindia.indiatimes.com/sports/cricket/india-vs-west-indies/i-am-already-sleepy-jet-lagged-shreyas-iyers-candid-reply-after-match-winning-maiden-t20i-century/articleshow/134746869.cms,"Tue, 06 Oct 2026 23:06:26 +0530",1
50,Pakistan successfully test-fires extended version of Fatah-4 cruise missile,"Pakistan successfully conducted a test of its extended-version Fatah-4 cruise missile, which can hit long-range targets. The missile was able to validate various technical parameters, enhancing its precision and survivability. High-ranking military officials and government leaders were present to witness the launch and praised the effort. The Fatah-4 missile, operating at low altitudes, aims to evade detection from air defenses.","Pakistan successfully test-fires extended version of Fatah-4 cruise missile. Pakistan successfully conducted a test of its extended-version Fatah-4 cruise missile, which can hit long-range targets. The missile was able to validate various technical parameters, enhancing its precision and survivability. High-ranking military officials and government leaders were present to witness the launch and praised the effort. The Fatah-4 missile, operating at low altitudes, aims to evade detection from air defenses.",General,Times of India,https://timesofindia.indiatimes.com/world/pakistan/pakistan-successfully-test-fires-extended-version-of-fatah-4-cruise-missile/articleshow/134746903.cms,"Tue, 06 Oct 2026 23:01:24 +0530",1
51,"Garba’s new luxury flex: Valet, VVIP seats and butlers","During this year's Navratri, vadodara's garba events have embraced luxury, offering participants premium packages that promise comfort and exclusivity. Attendees can enjoy benefits like valet parking, VIP seating, and personalized services to enhance their experience. Special packages are also available for non-resident Indians and out-of-state guests seeking convenience. Meanwhile, Ahmedabad is stepping up with high-priced options, indicating a broader shift toward exquisite and lavish festival celebrations.","Garba’s new luxury flex: Valet, VVIP seats and butlers. During this year's Navratri, vadodara's garba events have embraced luxury, offering participants premium packages that promise comfort and exclusivity. Attendees can enjoy benefits like valet parking, VIP seating, and personalized services to enhance their experience. Special packages are also available for non-resident Indians and out-of-state guests seeking convenience. Meanwhile, Ahmedabad is stepping up with high-priced options, indicating a broader shift toward exquisite and lavish festival celebrations.",General,Times of India,https://timesofindia.indiatimes.com/city/vadodara/garbas-new-luxury-flex-valet-vvip-seats-and-butlers/articleshow/134716332.cms,"Tue, 06 Oct 2026 00:41:40 +0530",1
52,Moon samples reveal magnetic mineral never before seen naturally,"A groundbreaking discovery by researchers has unveiled a new magnetic mineral, γ-Fe, found in lunar samples from the Chang'e-6 mission. This remarkable find sheds light on the ancient magnetic environment of the Moon, now long lost. Detailed analysis of tiny iron particles within lunar impact glasses reveals that γ-Fe can maintain stable magnetic signals, potentially serving as a record of the Moon's magnetic history.","Moon samples reveal magnetic mineral never before seen naturally. A groundbreaking discovery by researchers has unveiled a new magnetic mineral, γ-Fe, found in lunar samples from the Chang'e-6 mission. This remarkable find sheds light on the ancient magnetic environment of the Moon, now long lost. Detailed analysis of tiny iron particles within lunar impact glasses reveals that γ-Fe can maintain stable magnetic signals, potentially serving as a record of the Moon's magnetic history.",General,Times of India,https://timesofindia.indiatimes.com/science/space/scientists-found-a-magnetic-mineral-never-before-seen-naturally-in-moon-samples-change-6-brought-the-material-back-from-the-lunar-surface-where-it-survived-inside-tiny-impact-glass-particles/articleshow/134692891.cms,"Tue, 06 Oct 2026 23:50:00 +0530",1
53,Denzel Washington gave $1m to Texas debate team; it later won national title,"Denzel Washington donated $1 million to Wiley College in Texas to revive its debate programme in 2007. The programme had been inactive since 1947 and soon regained prominence in collegiate debate. In 2014, the Wiley College debate team won a national tournament, defeating 80 other schools. Washington has since followed the team's progress and pledged to continue financial support.","Denzel Washington gave $1m to Texas debate team; it later won national title. Denzel Washington donated $1 million to Wiley College in Texas to revive its debate programme in 2007. The programme had been inactive since 1947 and soon regained prominence in collegiate debate. In 2014, the Wiley College debate team won a national tournament, defeating 80 other schools. Washington has since followed the team's progress and pledged to continue financial support.",General,Times of India,https://timesofindia.indiatimes.com/education/news/in-2007-denzel-washington-gave-1-million-to-revive-a-texas-colleges-debate-programme-seven-years-later-its-23-member-team-won-the-overall-title-at-a-national-tournament-with-80-schools/articleshow/134706266.cms,"Mon, 05 Oct 2026 18:25:50 +0530",1
54,Florida scientists use AI to predict when Burmese pythons are most likely to be caught,,Florida scientists use AI to predict when Burmese pythons are most likely to be caught. ,General,Times of India,https://timesofindia.indiatimes.com/technology/tech-news/florida-scientists-used-machine-learning-to-predict-when-giant-burmese-pythons-are-most-likely-to-be-caught-weather-and-moon-phases-matter/articleshow/134743530.cms,"Tue, 06 Oct 2026 20:28:00 +0530",1
55,Patrick Swayze turned 4.5-acre LA ranch into Arabian horse retreat,"Rancho Bizarro, an extraordinary estate crafted by the artistic duo Patrick Swayze and Lisa Niemi, has hit the market once again. This idyllic ranch boasts state-of-the-art equestrian amenities, a vibrant dance studio, and a cozy main residence. After its acquisition by Aileen Getty in 2015 for $2.9 million, it is now available for $4.5 million.","Patrick Swayze turned 4.5-acre LA ranch into Arabian horse retreat. Rancho Bizarro, an extraordinary estate crafted by the artistic duo Patrick Swayze and Lisa Niemi, has hit the market once again. This idyllic ranch boasts state-of-the-art equestrian amenities, a vibrant dance studio, and a cozy main residence. After its acquisition by Aileen Getty in 2015 for $2.9 million, it is now available for $4.5 million.",General,Times of India,https://timesofindia.indiatimes.com/world/us/in-1984-patrick-swayze-bought-a-4-5-acre-ranch-outside-los-angeles-and-built-it-into-an-arabian-horse-retreat-with-a-16-stall-barn-two-arenas-and-a-dance-studio-after-his-death-it-sold-for-2-9-million-and-later-listed-for-4-5-million/articleshow/134741011.cms,"Tue, 06 Oct 2026 18:27:25 +0530",1
56,Why Dybala and Molina are blocked from Messi’s farewell despite 2022 squad invite,"Paulo Dybala and Nahuel Molina will miss Lionel Messi’s Argentina farewell after Roma blocked their trip to Buenos Aires. The club cited the lengthy journey and proximity of important fixtures, with manager Gian Piero Gasperini stressing the demanding schedule. Both players remain linked to Argentina’s 2022 World Cup triumph, but neither was selected for the current international window.","Why Dybala and Molina are blocked from Messi’s farewell despite 2022 squad invite. Paulo Dybala and Nahuel Molina will miss Lionel Messi’s Argentina farewell after Roma blocked their trip to Buenos Aires. The club cited the lengthy journey and proximity of important fixtures, with manager Gian Piero Gasperini stressing the demanding schedule. Both players remain linked to Argentina’s 2022 World Cup triumph, but neither was selected for the current international window.",General,Times of India,https://timesofindia.indiatimes.com/sports/football/top-stories/why-paulo-dybala-and-nahuel-molina-are-blocked-from-messis-farewell-despite-the-whole-2022-world-cup-winning-squad-being-invited/articleshow/134738313.cms,"Tue, 06 Oct 2026 17:22:42 +0530",1
57,"Vince Lombardi’s $43,020 sweater: How did a 58-cent thrift find make history?","In an incredible find, a couple bought a sweater for just 58 cents at a Goodwill store in North Carolina back in 2014. While viewing a documentary, they learned that it had ties to famed football coach Vince Lombardi, as a tag revealed its association with his tenure at West Point. Eventually, it fetched an astonishing $43,020 at auction after being consigned by Lombardi's colleague's widow.","Vince Lombardi’s $43,020 sweater: How did a 58-cent thrift find make history?. In an incredible find, a couple bought a sweater for just 58 cents at a Goodwill store in North Carolina back in 2014. While viewing a documentary, they learned that it had ties to famed football coach Vince Lombardi, as a tag revealed its association with his tenure at West Point. Eventually, it fetched an astonishing $43,020 at auction after being consigned by Lombardi's colleague's widow.",General,Times of India,https://timesofindia.indiatimes.com/sports/nfl/news/in-2014-a-tennessee-couple-paid-58-cents-for-a-west-point-sweater-at-a-north-carolina-goodwill-months-later-experts-authenticated-it-as-vince-lombardis-and-it-sold-for-43020/articleshow/134740507.cms,"Tue, 06 Oct 2026 19:30:00 +0530",1
58,Travis Kelce’s 87 Running Foundation: Why are Ed and Donna Kelce involved?,Travis Kelce’s 87 &amp; Running Foundation has not posted since January 2026. They continue their charitable work through Operation Breakthrough’s Ignition Lab. Donna Kelce met with Ignition Lab students during a Kansas City Chiefs game. Ed Kelce visited first graders at Operation Breakthrough. Travis Kelce’s foundation got its first post after January on Travis’ birthday.,Travis Kelce’s 87 Running Foundation: Why are Ed and Donna Kelce involved?. Travis Kelce’s 87 &amp; Running Foundation has not posted since January 2026. They continue their charitable work through Operation Breakthrough’s Ignition Lab. Donna Kelce met with Ignition Lab students during a Kansas City Chiefs game. Ed Kelce visited first graders at Operation Breakthrough. Travis Kelce’s foundation got its first post after January on Travis’ birthday.,General,Times of India,https://timesofindia.indiatimes.com/sports/nfl/news/travis-kelces-87-running-foundation-makes-a-new-move-amid-financial-controversy-as-ed-and-donna-kelce-enter-the-picture/articleshow/134737378.cms,"Tue, 06 Oct 2026 19:32:00 +0530",1
59,EU ready to send observers for first Palestinian parliamentary vote in nearly 20 years,"The European Union has expressed its commitment to send election observers for the upcoming Palestinian legislative elections on November 28, marking the first such elections in 17 years. This pivotal moment allows Palestinians the chance to choose their leaders following a prolonged hiatus. However, logistical hurdles, largely due to restrictions imposed by Israel in occupied regions, pose significant challenges.","EU ready to send observers for first Palestinian parliamentary vote in nearly 20 years. The European Union has expressed its commitment to send election observers for the upcoming Palestinian legislative elections on November 28, marking the first such elections in 17 years. This pivotal moment allows Palestinians the chance to choose their leaders following a prolonged hiatus. However, logistical hurdles, largely due to restrictions imposed by Israel in occupied regions, pose significant challenges.",General,Times of India,https://timesofindia.indiatimes.com/world/middle-east/eu-ready-to-send-observers-for-first-palestinian-parliamentary-vote-in-nearly-two-decades/articleshow/134746547.cms,"Tue, 06 Oct 2026 22:45:33 +0530",1
60,Shreyas Iyer's maiden T20I century powers India to eight-wicket win over West Indies,"In a thrilling opening match of the series, Shreyas Iyer reached his maiden T20I century, finishing with a stunning 102 runs off just 43 balls. This remarkable innings paved the way for India's eight-wicket triumph over West Indies. Debutant Naman Dhir made a mark too, claiming three wickets as the Windies were limited to 171 runs. India now leads the series 1-0, showcasing their prowess in both batting and bowling.","Shreyas Iyer's maiden T20I century powers India to eight-wicket win over West Indies. In a thrilling opening match of the series, Shreyas Iyer reached his maiden T20I century, finishing with a stunning 102 runs off just 43 balls. This remarkable innings paved the way for India's eight-wicket triumph over West Indies. Debutant Naman Dhir made a mark too, claiming three wickets as the Windies were limited to 171 runs. India now leads the series 1-0, showcasing their prowess in both batting and bowling.",General,Times of India,https://timesofindia.indiatimes.com/sports/cricket/india-vs-west-indies/shreyas-iyers-maiden-t20i-century-powers-india-to-eight-wicket-win-over-west-indies/articleshow/134746004.cms,"Tue, 06 Oct 2026 22:36:30 +0530",1
61,"'Everything will be remembered': Cong posts videos of Rahul, Priyanka manhandled by cops",,"'Everything will be remembered': Cong posts videos of Rahul, Priyanka manhandled by cops. ",General,Times of India,https://timesofindia.indiatimes.com/india/everything-will-be-remembered-rahul-gandhi-removed-from-protest-site-after-high-drama-watch/articleshow/134743534.cms,"Tue, 06 Oct 2026 20:18:24 +0530",1
62,Anirudh Thapa goal a brief bright spot as Uruguay run riot against India,"India ended their three-match home friendly window with a 1-6 defeat to Uruguay at Salt Lake Stadium on Tuesday. Anirudh Thapa's goal briefly gave the home faithfuls something to celebrate. But in a game of two halves, Uruguay found their scoring shoes with Darwin Nunez, Maxi Araujo, Rodrigo Zalazar, Juan Manuel Sanabria and Rodrigo Aguirre hitting the back of the net.","Anirudh Thapa goal a brief bright spot as Uruguay run riot against India. India ended their three-match home friendly window with a 1-6 defeat to Uruguay at Salt Lake Stadium on Tuesday. Anirudh Thapa's goal briefly gave the home faithfuls something to celebrate. But in a game of two halves, Uruguay found their scoring shoes with Darwin Nunez, Maxi Araujo, Rodrigo Zalazar, Juan Manuel Sanabria and Rodrigo Aguirre hitting the back of the net.",General,Times of India,https://timesofindia.indiatimes.com/sports/football/top-stories/anirudh-thapa-goal-a-brief-bright-spot-as-uruguay-run-riot-against-india/articleshow/134745887.cms,"Tue, 06 Oct 2026 22:33:26 +0530",1
63,'Making steady progress': Indian embassy in UAE updates on flydubai pilot Machchhar,,'Making steady progress': Indian embassy in UAE updates on flydubai pilot Machchhar. ,General,Times of India,https://timesofindia.indiatimes.com/india/making-steady-progress-regaining-health-indian-embassy-in-uae-updates-on-flydubai-pilot-smit-machchhar/articleshow/134744775.cms,"Tue, 06 Oct 2026 21:26:22 +0530",1
64,Paramount closes $110bn deal with Warner Bros Discovery: The new firm is Skydance,,Paramount closes $110bn deal with Warner Bros Discovery: The new firm is Skydance. ,General,Times of India,https://timesofindia.indiatimes.com/business/india-business/paramount-closes-110-billion-deal-with-warner-brothers-discovery-the-new-company-is-called-skydance/articleshow/134745698.cms,"Tue, 06 Oct 2026 22:29:51 +0530",1
65,"Mandhana era begins: Shafali Verma, Deepti Sharma named India vice-captains","Shafali Verma and Deepti Sharma have been appointed as vice-captains for the T20I and ODI teams. This leadership change follows Harmanpreet Kaur's resignation as captain, while she continues as a player. Smriti Mandhana has been appointed full-time captain and will lead the team in upcoming series. The new leadership group will face Zimbabwe in a three-match T20I series and three ODIs.","Mandhana era begins: Shafali Verma, Deepti Sharma named India vice-captains. Shafali Verma and Deepti Sharma have been appointed as vice-captains for the T20I and ODI teams. This leadership change follows Harmanpreet Kaur's resignation as captain, while she continues as a player. Smriti Mandhana has been appointed full-time captain and will lead the team in upcoming series. The new leadership group will face Zimbabwe in a three-match T20I series and three ODIs.",General,Times of India,https://timesofindia.indiatimes.com/sports/cricket/news/smriti-mandhana-era-begins-shafali-verma-deepti-sharma-named-india-vice-captains/articleshow/134745934.cms,"Tue, 06 Oct 2026 22:27:56 +0530",1
66,"Humiliation, torn clothes and badges: Delhi women cops allege assault at protest sites",A senior Delhi Police officer addressed the treatment of women police personnel during ongoing protests. She highlighted incidents of misbehaviour and assault faced by these personnel while on duty. Videos circulating online show the challenges that women police officers encounter at protest sites.,"Humiliation, torn clothes and badges: Delhi women cops allege assault at protest sites. A senior Delhi Police officer addressed the treatment of women police personnel during ongoing protests. She highlighted incidents of misbehaviour and assault faced by these personnel while on duty. Videos circulating online show the challenges that women police officers encounter at protest sites.",General,Times of India,https://timesofindia.indiatimes.com/city/delhi/misbehaved-torn-clothes-and-badges-delhi-police-flags-assault-on-women-cops-during-protests/articleshow/134743185.cms,"Tue, 06 Oct 2026 21:07:20 +0530",1
67,Smriti Mandhana replaces Harmanpreet Kaur as India captain: ‘Very special honour’,"Smriti Mandhana has been appointed as the new captain of the Indian women's cricket team. She takes over the leadership role from Harmanpreet Kaur, who announced her resignation as captain. Mandhana has led India in several T20Is and ODIs prior to this appointment. The Board of Control for Cricket in India expressed confidence in her leadership abilities. Harmanpreet will remain part of the squad as a player during this transition.","Smriti Mandhana replaces Harmanpreet Kaur as India captain: ‘Very special honour’. Smriti Mandhana has been appointed as the new captain of the Indian women's cricket team. She takes over the leadership role from Harmanpreet Kaur, who announced her resignation as captain. Mandhana has led India in several T20Is and ODIs prior to this appointment. The Board of Control for Cricket in India expressed confidence in her leadership abilities. Harmanpreet will remain part of the squad as a player during this transition.",General,Times of India,https://timesofindia.indiatimes.com/sports/cricket/news/smriti-mandhana-replaces-harmanpreet-kaur-as-india-captain-very-special-honour/articleshow/134744766.cms,"Tue, 06 Oct 2026 21:22:04 +0530",1
68,Trump says Iran taking out LA and San Diego would be 'small price to pay',,Trump says Iran taking out LA and San Diego would be 'small price to pay'. ,General,Times of India,https://timesofindia.indiatimes.com/world/us/california-screamin-trump-says-iran-taking-out-la-and-san-diego-would-be-small-price-to-pay/articleshow/134745356.cms,"Tue, 06 Oct 2026 21:49:48 +0530",1
69,Lithuania ready to cover cost if US establishes military base,"Lithuanian Prime Minister Mindaugas Sinkevicius has declared his willingness to finance the establishment of a permanent US military base in Lithuania. Since 2019, Lithuania has been hosting a rotating US battalion and is eager for a long-term military presence. Concurrently, the Lithuanian parliament is considering lifting constitutional prohibitions on nuclear weapons, a move that has drawn sharp criticism from Russia, citing heightened regional tensions.","Lithuania ready to cover cost if US establishes military base. Lithuanian Prime Minister Mindaugas Sinkevicius has declared his willingness to finance the establishment of a permanent US military base in Lithuania. Since 2019, Lithuania has been hosting a rotating US battalion and is eager for a long-term military presence. Concurrently, the Lithuanian parliament is considering lifting constitutional prohibitions on nuclear weapons, a move that has drawn sharp criticism from Russia, citing heightened regional tensions.",General,Times of India,https://timesofindia.indiatimes.com/world/europe/lithuania-ready-to-cover-cost-if-us-establishes-military-base-parliament-votes-to-host-foreign-arms/articleshow/134745286.cms,"Tue, 06 Oct 2026 21:46:18 +0530",1
70,"MacKenzie Scott gave $20m; 5 years later, Denver has 4 new childcare centres",,"MacKenzie Scott gave $20m; 5 years later, Denver has 4 new childcare centres. ",General,Times of India,https://timesofindia.indiatimes.com/real-estate/news/in-2020-mackenzie-scott-gave-denver-charity-20m-five-years-later-it-has-created-4-childcare-centres-and-renovated-an-affordable-housing-building/articleshow/134742945.cms,"Tue, 06 Oct 2026 19:57:36 +0530",1
71,BCCI secretary Saikia explains why VVS Laxman attended selection meeting | Exclusive,"VVS Laxman, the head of the BCCI Centre of Excellence, took part in an important senior selection meeting intended to enhance the dialogue between national selectors and the Centre. BCCI secretary Devajit Saikia specified that Laxman's aim was to ensure better communication about player fitness and availability, a crucial step as the team prepares for their imminent tour of New Zealand.","BCCI secretary Saikia explains why VVS Laxman attended selection meeting | Exclusive. VVS Laxman, the head of the BCCI Centre of Excellence, took part in an important senior selection meeting intended to enhance the dialogue between national selectors and the Centre. BCCI secretary Devajit Saikia specified that Laxman's aim was to ensure better communication about player fitness and availability, a crucial step as the team prepares for their imminent tour of New Zealand.",General,Times of India,https://timesofindia.indiatimes.com/sports/cricket/news/bcci-secretary-devajit-saikia-explains-why-vvs-laxman-attended-selection-meeting-exclusive/articleshow/134744876.cms,"Tue, 06 Oct 2026 21:29:23 +0530",1
72,"FIR against BJP BLA over 'false' Form-7 applications, first in Telangana","An FIR has been lodged against BJP Booth Level Agent S Balachander for allegedly filing false voter deletion requests. The complaint, initiated by an election official, triggered a police inquiry. Congress leaders claim these submissions aim to unjustly disenfranchise valid voters from the electoral list. In response, Telangana’s Chief Electoral Officer has ordered District Election Officers to take action against these fraudulent applications.","FIR against BJP BLA over 'false' Form-7 applications, first in Telangana. An FIR has been lodged against BJP Booth Level Agent S Balachander for allegedly filing false voter deletion requests. The complaint, initiated by an election official, triggered a police inquiry. Congress leaders claim these submissions aim to unjustly disenfranchise valid voters from the electoral list. In response, Telangana’s Chief Electoral Officer has ordered District Election Officers to take action against these fraudulent applications.",General,Times of India,https://timesofindia.indiatimes.com/india/fir-against-bjp-bla-over-false-form-7-applications-first-such-case-in-telangana/articleshow/134744956.cms,"Tue, 06 Oct 2026 21:31:51 +0530",1
73,'Dhappa': Cops tried to stop INDIA bloc march to EC; Rahul pulled a surprise,Rahul Gandhi and Priyanka Gandhi Vadra gave the INDIA bloc protest against the Election Commission an unexpected second act after police tried to stop INDIA bloc march against Gyanesh Kumar and began detaining opposition MPs.,'Dhappa': Cops tried to stop INDIA bloc march to EC; Rahul pulled a surprise. Rahul Gandhi and Priyanka Gandhi Vadra gave the INDIA bloc protest against the Election Commission an unexpected second act after police tried to stop INDIA bloc march against Gyanesh Kumar and began detaining opposition MPs.,General,Times of India,https://timesofindia.indiatimes.com/india/dhappa-cops-tried-to-stop-india-bloc-march-to-ec-rahul-gandhi-pulled-a-surprise/articleshow/134739574.cms,"Tue, 06 Oct 2026 17:42:06 +0530",1
74,DRDO conducts maiden live jump of advanced high-altitude parachute in Ladakh,"The Defence Research and Development Organisation (DRDO) successfully executed its first live jump with the advanced high-altitude parachute system in Nyoma, from a height of 16,000 feet. This successful jump verified the parachute's effectiveness for mass drops, ensuring safety at high altitudes. Defence Minister Rajnath Singh commended this milestone as a testament to Aatmanirbhar Bharat, showcasing the synergy of India's defence entities.","DRDO conducts maiden live jump of advanced high-altitude parachute in Ladakh. The Defence Research and Development Organisation (DRDO) successfully executed its first live jump with the advanced high-altitude parachute system in Nyoma, from a height of 16,000 feet. This successful jump verified the parachute's effectiveness for mass drops, ensuring safety at high altitudes. Defence Minister Rajnath Singh commended this milestone as a testament to Aatmanirbhar Bharat, showcasing the synergy of India's defence entities.",General,Times of India,https://timesofindia.indiatimes.com/defence/news/drdo-conducts-maiden-live-jump-of-advanced-high-altitude-parachute-in-ladakh/articleshow/134743177.cms,"Tue, 06 Oct 2026 20:01:21 +0530",1
75,US House moves to honour Indian Flydubai pilot Smit Machchhar; condemn 'act of terrorism',"The US House of Representatives has honored Captain Smit Machchhar through a formal resolution, celebrating his courageous defense of the aircraft against a treacherous act by his co-pilot that placed all lives at risk. The flight safely reached Tabuk, Saudi Arabia, ensuring the passengers' safety. This resolution also acknowledged the vital contributions of off-duty pilots and crew members during the incident.","US House moves to honour Indian Flydubai pilot Smit Machchhar; condemn 'act of terrorism'. The US House of Representatives has honored Captain Smit Machchhar through a formal resolution, celebrating his courageous defense of the aircraft against a treacherous act by his co-pilot that placed all lives at risk. The flight safely reached Tabuk, Saudi Arabia, ensuring the passengers' safety. This resolution also acknowledged the vital contributions of off-duty pilots and crew members during the incident.",General,Times of India,https://timesofindia.indiatimes.com/world/us/us-house-passes-resolution-honouring-indian-flydubai-pilot-smit-machchhar-condemns-act-of-terrorism/articleshow/134743518.cms,"Tue, 06 Oct 2026 20:39:39 +0530",1
76,Bhuvneshwar returns as India announce T20I and India A squads for New Zealand series,"In a surprising turn of events, Bhuvneshwar Kumar has been reinstated to the Indian T20I squad, as declared by the BCCI. Shreyas Iyer will take the helm as captain, supported by wicketkeepers Sanju Samson and Ishan Kishan. The India A team features rising stars like Rishabh Pant and KL Rahul, who are keen on capturing the selectors' attention.","Bhuvneshwar returns as India announce T20I and India A squads for New Zealand series. In a surprising turn of events, Bhuvneshwar Kumar has been reinstated to the Indian T20I squad, as declared by the BCCI. Shreyas Iyer will take the helm as captain, supported by wicketkeepers Sanju Samson and Ishan Kishan. The India A team features rising stars like Rishabh Pant and KL Rahul, who are keen on capturing the selectors' attention.",General,Times of India,https://timesofindia.indiatimes.com/sports/cricket/india-vs-new-zealand/bhuvneshwar-kumar-returns-as-india-announces-t20i-and-india-a-squads-for-new-zealand-series/articleshow/134744386.cms,"Tue, 06 Oct 2026 21:00:43 +0530",1
77,FlyDubai flight incident: Did aviation miss the insider-threat warning?,,FlyDubai flight incident: Did aviation miss the insider-threat warning?. ,General,Times of India,https://timesofindia.indiatimes.com/india/flydubai-incident-did-aviation-miss-the-insider-threat-warning/articleshow/134732517.cms,"Tue, 06 Oct 2026 15:14:53 +0530",1
78,Colorado family protects 650 acres of six-generation ranch after 150 years,"Hutchinson Ranch, the oldest family-owned ranch in Colorado’s Upper Arkansas Valley, spans 700 acres along Highway 50. The Hutchinson family has maintained ownership for six generations, successfully implementing conservation agreements protecting 650 acres. These agreements prevent the land from being subdivided for development while allowing the family to continue ranching. Notable historic recognition occurred in 2003 when the ranch was identified among the top endangered properties in Colorado.","Colorado family protects 650 acres of six-generation ranch after 150 years. Hutchinson Ranch, the oldest family-owned ranch in Colorado’s Upper Arkansas Valley, spans 700 acres along Highway 50. The Hutchinson family has maintained ownership for six generations, successfully implementing conservation agreements protecting 650 acres. These agreements prevent the land from being subdivided for development while allowing the family to continue ranching. Notable historic recognition occurred in 2003 when the ranch was identified among the top endangered properties in Colorado.",General,Times of India,https://timesofindia.indiatimes.com/world/us/a-colorado-ranch-homesteaded-before-statehood-stayed-with-the-same-family-for-six-generations-more-than-150-years-later-650-of-its-roughly-700-acres-were-permanently-protected-from-subdivision/articleshow/134743379.cms,"Tue, 06 Oct 2026 20:12:30 +0530",1
79,"George Lucas turned California ranchland into nearly 5,000-acre Skywalker Ranch","Nestled in Marin County, Skywalker Ranch is a vast 4,700-acre creative sanctuary brought to life by filmmaker George Lucas. This enchanting retreat features a Victorian-style main house used for professional gatherings and boasts Skywalker Sound, operating since 1987. With amenities like themed guest rooms, diverse dining options, and a health club, the ranch remains a unique filmmaking destination, nearly fifty years after its inception.","George Lucas turned California ranchland into nearly 5,000-acre Skywalker Ranch. Nestled in Marin County, Skywalker Ranch is a vast 4,700-acre creative sanctuary brought to life by filmmaker George Lucas. This enchanting retreat features a Victorian-style main house used for professional gatherings and boasts Skywalker Sound, operating since 1987. With amenities like themed guest rooms, diverse dining options, and a health club, the ranch remains a unique filmmaking destination, nearly fifty years after its inception.",General,Times of India,https://timesofindia.indiatimes.com/real-estate/news/george-lucas-began-buying-california-ranchland-in-1978-the-holdings-expanded-to-nearly-5000-acres-with-a-50000-square-foot-main-house-more-than-a-dozen-buildings-and-skywalker-sound-at-its-core/articleshow/134739822.cms,"Tue, 06 Oct 2026 17:40:44 +0530",1
80,"Florida couple saves Sarasota cottage village from demolition, protecting 17 businesses","The anticipated transfer of the Historic Downtown Village in Sarasota to a developer has been called off. The cottages, which accommodate various local enterprises, will remain in the care of Alex and Marlene Lancaster. While business owners faced uncertainty regarding relocation and the emotional fallout of potential displacement, they now breathe a sigh of relief.","Florida couple saves Sarasota cottage village from demolition, protecting 17 businesses. The anticipated transfer of the Historic Downtown Village in Sarasota to a developer has been called off. The cottages, which accommodate various local enterprises, will remain in the care of Alex and Marlene Lancaster. While business owners faced uncertainty regarding relocation and the emotional fallout of potential displacement, they now breathe a sigh of relief.",General,Times of India,https://timesofindia.indiatimes.com/world/us/florida-couples-colorful-sarasota-cottage-village-houses-17-small-businesses-a-324-apartment-plan-threatened-demolition-but-owners-canceled-the-sale-and-took-the-property-off-market/articleshow/134737934.cms,"Tue, 06 Oct 2026 19:30:00 +0530",1
81,He bought an SUV for Rs 13.69 lakh; gets Rs 10.99 lakh refund + interest over issues,"The Kurnool District Consumer Disputes Redressal Commission has directed the car manufacturer and its dealer to refund the ex-showroom price of a diesel car to its owner after the vehicle was found to have developed recurring diesel particulate filter (DPF) problems. The Kurnool District Consumer Disputes Redressal Commission directed the car manufacturer and its dealer to pay the car owner Rs 10.99 lakh, which is the ex-showroom price of the vehicle.","He bought an SUV for Rs 13.69 lakh; gets Rs 10.99 lakh refund + interest over issues. The Kurnool District Consumer Disputes Redressal Commission has directed the car manufacturer and its dealer to refund the ex-showroom price of a diesel car to its owner after the vehicle was found to have developed recurring diesel particulate filter (DPF) problems. The Kurnool District Consumer Disputes Redressal Commission directed the car manufacturer and its dealer to pay the car owner Rs 10.99 lakh, which is the ex-showroom price of the vehicle.",General,Times of India,https://timesofindia.indiatimes.com/business/india-business/he-bought-an-suv-car-in-2022-for-rs-13-69-lakh-repeated-dpf-issues-followed-consumer-commission-finds-deficiency-in-service-and-awards-rs-10-99-lakh-refund-9-interest-and-compensation/articleshow/134728365.cms,"Tue, 06 Oct 2026 20:31:22 +0530",1
82,‘Special place in Indian cricket history’: BCCI hails captain Harmanpreet Kaur,Harmanpreet Kaur announced her decision to step down as captain of the Indian women's cricket team. Her tenure included leading India to their first Women's World Cup title in 2025. Kaur expressed her commitment to continue representing India as a player following her resignation. The BCCI lauded her impactful leadership and contributions to women's cricket in India. Kaur's leadership journey will be remembered for historic milestones and significant achievements.,‘Special place in Indian cricket history’: BCCI hails captain Harmanpreet Kaur. Harmanpreet Kaur announced her decision to step down as captain of the Indian women's cricket team. Her tenure included leading India to their first Women's World Cup title in 2025. Kaur expressed her commitment to continue representing India as a player following her resignation. The BCCI lauded her impactful leadership and contributions to women's cricket in India. Kaur's leadership journey will be remembered for historic milestones and significant achievements.,General,Times of India,https://timesofindia.indiatimes.com/sports/cricket/news/special-place-in-indian-cricket-history-bcci-hails-harmanpreet-kaur-after-stepping-down-as-india-captain/articleshow/134743380.cms,"Tue, 06 Oct 2026 20:13:36 +0530",1
83,"AI models are misbehaving, but America still won’t slow down; here's why",,"AI models are misbehaving, but America still won’t slow down; here's why. ",General,Times of India,https://timesofindia.indiatimes.com/world/us/ai-models-are-misbehaving-but-america-still-wont-slow-down-china-is-a-big-reason-why/articleshow/134743061.cms,"Tue, 06 Oct 2026 19:52:53 +0530",1
84,Columnist sparks backlash with claim about Tom Brady and Gisele Bündchen divorce,Tom Brady and Gisele Bündchen’s divorce has sparked fresh debate after columnist Liz Jones defended the NFL legend and said he should not be blamed for the split. Jones praised Lars Anderson’s biography for offering a balanced perspective. Anderson also revealed Brady walked away from football partly because the divorce changed his priorities and family life.,Columnist sparks backlash with claim about Tom Brady and Gisele Bündchen divorce. Tom Brady and Gisele Bündchen’s divorce has sparked fresh debate after columnist Liz Jones defended the NFL legend and said he should not be blamed for the split. Jones praised Lars Anderson’s biography for offering a balanced perspective. Anderson also revealed Brady walked away from football partly because the divorce changed his priorities and family life.,General,Times of India,https://timesofindia.indiatimes.com/sports/nfl/news/women-have-been-brainwashed-columnist-makes-controversial-claim-about-tom-brady-and-gisele-bndchen-divorce/articleshow/134724295.cms,"Tue, 06 Oct 2026 17:42:00 +0530",1
85,Evgeni Malkin breaks tradition after Alex Ovechkin’s NHL retirement announcement,"Pittsburgh Penguins center Evgeni Malkin broke his longtime media routine Monday after Washington Capitals captain Alex Ovechkin announced that the 2026-27 season will be his final NHL campaign. Malkin reflected on their shared history, rivalry and friendship while acknowledging the significance of Ovechkin’s decision. The moment added another emotional layer to one of the NHL’s defining rivalries.","Evgeni Malkin breaks tradition after Alex Ovechkin’s NHL retirement announcement. Pittsburgh Penguins center Evgeni Malkin broke his longtime media routine Monday after Washington Capitals captain Alex Ovechkin announced that the 2026-27 season will be his final NHL campaign. Malkin reflected on their shared history, rivalry and friendship while acknowledging the significance of Ovechkin’s decision. The moment added another emotional layer to one of the NHL’s defining rivalries.",General,Times of India,https://timesofindia.indiatimes.com/sports/nhl/news/why-pittsburgh-penguins-star-evgeni-malkin-broke-tradition-following-alex-ovechkins-washington-capitals-nhl-retirement-announcement/articleshow/134740014.cms,"Tue, 06 Oct 2026 17:39:48 +0530",1
86,Why children tell one parent everything but hide things from the other,"It’s not uncommon for parents to observe that children tend to confide in one parent more than the other. This behavior can stem from a variety of factors, such as the child’s perception of how the parent might react. Key moments in a child’s life can also impact who they turn to for support. Encouraging open and understanding communication is crucial for fostering discussions between parents and children.","Why children tell one parent everything but hide things from the other. It’s not uncommon for parents to observe that children tend to confide in one parent more than the other. This behavior can stem from a variety of factors, such as the child’s perception of how the parent might react. Key moments in a child’s life can also impact who they turn to for support. Encouraging open and understanding communication is crucial for fostering discussions between parents and children.",General,Times of India,https://timesofindia.indiatimes.com/life-style/parenting/pregnancy/psychology-says-children-who-tell-one-parent-everything-but-hide-things-from-the-other-may-not-always-be-about-who-they-feel-closer-to/articleshow/134740591.cms,"Tue, 06 Oct 2026 18:12:02 +0530",1
87,"Scientists found a new magnetic mineral in Chang’e-6 Moon samples, preserved inside impact-glass particles","A groundbreaking discovery by researchers has unveiled a new magnetic mineral, γ-Fe, found in lunar samples from the Chang'e-6 mission. This remarkable find sheds light on the ancient magnetic environment of the Moon, now long lost. Detailed analysis of tiny iron particles within lunar impact glasses reveals that γ-Fe can maintain stable magnetic signals, potentially serving as a record of the Moon's magnetic history.","Scientists found a new magnetic mineral in Chang’e-6 Moon samples, preserved inside impact-glass particles. A groundbreaking discovery by researchers has unveiled a new magnetic mineral, γ-Fe, found in lunar samples from the Chang'e-6 mission. This remarkable find sheds light on the ancient magnetic environment of the Moon, now long lost. Detailed analysis of tiny iron particles within lunar impact glasses reveals that γ-Fe can maintain stable magnetic signals, potentially serving as a record of the Moon's magnetic history.",World,"World News, Today World News, Latest International News, World Breaking News, Trending News of World - Times of India",https://timesofindia.indiatimes.com/science/space/scientists-found-a-magnetic-mineral-never-before-seen-naturally-in-moon-samples-change-6-brought-the-material-back-from-the-lunar-surface-where-it-survived-inside-tiny-impact-glass-particles/articleshow/134692891.cms,2026-10-06T23:50:00+05:30,1
88,"California schoolgirl's sewing project grows into nonprofit with 5,000+ care bags for women","Khloe Thompson, a California teenager, started making care bags for women in need after seeing homelessness. She founded the nonprofit Khloe Kares, which has distributed over 5,000 handmade bags containing personal-care items. The organization collaborates with local businesses and community groups to expand its outreach efforts. Thompson's initiatives have also included supporting children in Ghana and youth workshops on various topics. She received the George H.W.","California schoolgirl's sewing project grows into nonprofit with 5,000+ care bags for women. Khloe Thompson, a California teenager, started making care bags for women in need after seeing homelessness. She founded the nonprofit Khloe Kares, which has distributed over 5,000 handmade bags containing personal-care items. The organization collaborates with local businesses and community groups to expand its outreach efforts. Thompson's initiatives have also included supporting children in Ghana and youth workshops on various topics. She received the George H.W.",World,"World News, Today World News, Latest International News, World Breaking News, Trending News of World - Times of India",https://timesofindia.indiatimes.com/world/us/california-schoolgirl-khloe-thompson-began-sewing-care-bags-for-women-experiencing-homelessness-the-small-family-project-grew-into-khloe-kares-which-has-distributed-more-than-5000-handmade-bags-filled-with-everyday-essentials/articleshow/134746660.cms,2026-10-06T23:02:11+05:30,1
89,Miami Beach’s historic Savoy Hotel could face demolition for a 38-story tower,Plans have been submitted to demolish much of the historic Savoy Hotel to construct a new 38-story tower. This project will utilize Florida's Live Local Act to overcome local zoning regulations and historic preservation concerns. The developer aims to retain a small section of the Savoy's facade and lobby in a nod to history. Local officials and preservationists have expressed strong opposition due to potential loss of cultural heritage.,Miami Beach’s historic Savoy Hotel could face demolition for a 38-story tower. Plans have been submitted to demolish much of the historic Savoy Hotel to construct a new 38-story tower. This project will utilize Florida's Live Local Act to overcome local zoning regulations and historic preservation concerns. The developer aims to retain a small section of the Savoy's facade and lobby in a nod to history. Local officials and preservationists have expressed strong opposition due to potential loss of cultural heritage.,World,"World News, Today World News, Latest International News, World Breaking News, Trending News of World - Times of India",https://timesofindia.indiatimes.com/world/us/miami-beachs-savoy-hotel-dates-to-the-1930s-and-survived-decades-on-ocean-drive-florida-laws-could-now-allow-most-of-it-and-the-neighboring-arlington-to-be-demolished-for-a-38-story-480-foot-tower/articleshow/134694169.cms,2026-10-06T22:11:44+05:30,1
92,"150 years, 6 generations and 650 protected acres: The story of a Colorado ranch","Hutchinson Ranch, the oldest family-owned ranch in Colorado’s Upper Arkansas Valley, spans 700 acres along Highway 50. The Hutchinson family has maintained ownership for six generations, successfully implementing conservation agreements protecting 650 acres. These agreements prevent the land from being subdivided for development while allowing the family to continue ranching. Notable historic recognition occurred in 2003 when the ranch was identified among the top endangered properties in Colorado.","150 years, 6 generations and 650 protected acres: The story of a Colorado ranch. Hutchinson Ranch, the oldest family-owned ranch in Colorado’s Upper Arkansas Valley, spans 700 acres along Highway 50. The Hutchinson family has maintained ownership for six generations, successfully implementing conservation agreements protecting 650 acres. These agreements prevent the land from being subdivided for development while allowing the family to continue ranching. Notable historic recognition occurred in 2003 when the ranch was identified among the top endangered properties in Colorado.",World,"World News, Today World News, Latest International News, World Breaking News, Trending News of World - Times of India",https://timesofindia.indiatimes.com/world/us/a-colorado-ranch-homesteaded-before-statehood-stayed-with-the-same-family-for-six-generations-more-than-150-years-later-650-of-its-roughly-700-acres-were-permanently-protected-from-subdivision/articleshow/134743379.cms,2026-10-06T20:12:30+05:30,1
93,"Pak, Saudi Arabia and Turkiye agree to deploy forces in Gulf country amid Houthi attacks","Pakistan and Turkiye have agreed to provide military support to Saudi Arabia following regional security threats from Houthi rebels. Representatives from the three countries held an emergency meeting to reinforce their Mecca defense agreement. This agreement establishes collective defense provisions that aim for a rapid military deployment if any country is attacked. Additionally, the committee appointed a retired Pakistani General as secretary-general to oversee defense strategies.","Pak, Saudi Arabia and Turkiye agree to deploy forces in Gulf country amid Houthi attacks. Pakistan and Turkiye have agreed to provide military support to Saudi Arabia following regional security threats from Houthi rebels. Representatives from the three countries held an emergency meeting to reinforce their Mecca defense agreement. This agreement establishes collective defense provisions that aim for a rapid military deployment if any country is attacked. Additionally, the committee appointed a retired Pakistani General as secretary-general to oversee defense strategies.",World,"World News, Today World News, Latest International News, World Breaking News, Trending News of World - Times of India",https://timesofindia.indiatimes.com/world/middle-east/pak-saudi-arabia-and-turkiye-agree-to-deploy-forces-in-gulf-country-amid-houthi-attacks/articleshow/134743152.cms,2026-10-06T19:59:03+05:30,1
94,"In 2014, a Tennessee couple paid 58 cents for Vince Lombardi’s sweater; it later sold for $43,020","In an incredible find, a couple bought a sweater for just 58 cents at a Goodwill store in North Carolina back in 2014. While viewing a documentary, they learned that it had ties to famed football coach Vince Lombardi, as a tag revealed its association with his tenure at West Point. Eventually, it fetched an astonishing $43,020 at auction after being consigned by Lombardi's colleague's widow.","In 2014, a Tennessee couple paid 58 cents for Vince Lombardi’s sweater; it later sold for $43,020. In an incredible find, a couple bought a sweater for just 58 cents at a Goodwill store in North Carolina back in 2014. While viewing a documentary, they learned that it had ties to famed football coach Vince Lombardi, as a tag revealed its association with his tenure at West Point. Eventually, it fetched an astonishing $43,020 at auction after being consigned by Lombardi's colleague's widow.",World,"World News, Today World News, Latest International News, World Breaking News, Trending News of World - Times of India",https://timesofindia.indiatimes.com/sports/nfl/news/in-2014-a-tennessee-couple-paid-58-cents-for-a-west-point-sweater-at-a-north-carolina-goodwill-months-later-experts-authenticated-it-as-vince-lombardis-and-it-sold-for-43020/articleshow/134740507.cms,2026-10-06T19:30:00+05:30,1
95,"Arnold Schwarzenegger donated $250,000 for shelters for homeless veterans before Christmas","In 2021, Arnold Schwarzenegger donated $250,000 to Village for Vets to help provide temporary shelters for homeless veterans in Los Angeles. Before Christmas, 25 tiny shelters were installed at the VA campus in West Los Angeles. Each provided a bed, climate control, electricity and a locking door, giving veterans who had been living on the streets a safer place to stay while moving towards stable housing.","Arnold Schwarzenegger donated $250,000 for shelters for homeless veterans before Christmas. In 2021, Arnold Schwarzenegger donated $250,000 to Village for Vets to help provide temporary shelters for homeless veterans in Los Angeles. Before Christmas, 25 tiny shelters were installed at the VA campus in West Los Angeles. Each provided a bed, climate control, electricity and a locking door, giving veterans who had been living on the streets a safer place to stay while moving towards stable housing.",World,"World News, Today World News, Latest International News, World Breaking News, Trending News of World - Times of India",https://timesofindia.indiatimes.com/world/us/in-2021-arnold-schwarzenegger-donated-250000-to-help-homeless-veterans-in-los-angeles-before-christmas-25-tiny-shelters-were-installed-with-beds-climate-control-and-doors-residents-could-lock/articleshow/134738245.cms,2026-10-06T19:30:00+05:30,1
96,Florida couple saves colorful Sarasota cottage village housing 17 small businesses from demolition,"The anticipated transfer of the Historic Downtown Village in Sarasota to a developer has been called off. The cottages, which accommodate various local enterprises, will remain in the care of Alex and Marlene Lancaster. While business owners faced uncertainty regarding relocation and the emotional fallout of potential displacement, they now breathe a sigh of relief.","Florida couple saves colorful Sarasota cottage village housing 17 small businesses from demolition. The anticipated transfer of the Historic Downtown Village in Sarasota to a developer has been called off. The cottages, which accommodate various local enterprises, will remain in the care of Alex and Marlene Lancaster. While business owners faced uncertainty regarding relocation and the emotional fallout of potential displacement, they now breathe a sigh of relief.",World,"World News, Today World News, Latest International News, World Breaking News, Trending News of World - Times of India",https://timesofindia.indiatimes.com/world/us/florida-couples-colorful-sarasota-cottage-village-houses-17-small-businesses-a-324-apartment-plan-threatened-demolition-but-owners-canceled-the-sale-and-took-the-property-off-market/articleshow/134737934.cms,2026-10-06T19:30:00+05:30,1
97,'Efforts to hide Iran war costs': US senator alleges denial of access to Al Udeid base in Qatar,,'Efforts to hide Iran war costs': US senator alleges denial of access to Al Udeid base in Qatar. ,World,"World News, Today World News, Latest International News, World Breaking News, Trending News of World - Times of India",https://timesofindia.indiatimes.com/world/middle-east/efforts-underway-to-hide-costs-of-iran-war-us-senator-alleges-pentagon-denied-him-access-to-al-udeid-base-in-qatar/articleshow/134742135.cms,2026-10-06T19:07:27+05:30,1
98,Patrick Swayze’s former California ranch with a dance studio listed for $4.5 million after $2.9 million sale,"Rancho Bizarro, an extraordinary estate crafted by the artistic duo Patrick Swayze and Lisa Niemi, has hit the market once again. This idyllic ranch boasts state-of-the-art equestrian amenities, a vibrant dance studio, and a cozy main residence. After its acquisition by Aileen Getty in 2015 for $2.9 million, it is now available for $4.5 million.","Patrick Swayze’s former California ranch with a dance studio listed for $4.5 million after $2.9 million sale. Rancho Bizarro, an extraordinary estate crafted by the artistic duo Patrick Swayze and Lisa Niemi, has hit the market once again. This idyllic ranch boasts state-of-the-art equestrian amenities, a vibrant dance studio, and a cozy main residence. After its acquisition by Aileen Getty in 2015 for $2.9 million, it is now available for $4.5 million.",World,"World News, Today World News, Latest International News, World Breaking News, Trending News of World - Times of India",https://timesofindia.indiatimes.com/world/us/in-1984-patrick-swayze-bought-a-4-5-acre-ranch-outside-los-angeles-and-built-it-into-an-arabian-horse-retreat-with-a-16-stall-barn-two-arenas-and-a-dance-studio-after-his-death-it-sold-for-2-9-million-and-later-listed-for-4-5-million/articleshow/134741011.cms,2026-10-06T18:27:25+05:30,1
99,New Hampshire groundskeeper left $3.8m to his town after living simply,,New Hampshire groundskeeper left $3.8m to his town after living simply. ,World,"World News, Today World News, Latest International News, World Breaking News, Trending News of World - Times of India",https://timesofindia.indiatimes.com/world/us/a-new-hampshire-groundskeeper-lived-in-an-empty-trailer-and-mowed-lawns-after-his-death-town-discovered-he-had-donated-3-8-million-to-support-education-health-and-recreation/articleshow/134740899.cms,2026-10-06T18:22:05+05:30,1
100,George Lucas’ sprawling Skywalker Ranch in California,"Nestled in Marin County, Skywalker Ranch is a vast 4,700-acre creative sanctuary brought to life by filmmaker George Lucas. This enchanting retreat features a Victorian-style main house used for professional gatherings and boasts Skywalker Sound, operating since 1987. With amenities like themed guest rooms, diverse dining options, and a health club, the ranch remains a unique filmmaking destination, nearly fifty years after its inception.","George Lucas’ sprawling Skywalker Ranch in California. Nestled in Marin County, Skywalker Ranch is a vast 4,700-acre creative sanctuary brought to life by filmmaker George Lucas. This enchanting retreat features a Victorian-style main house used for professional gatherings and boasts Skywalker Sound, operating since 1987. With amenities like themed guest rooms, diverse dining options, and a health club, the ranch remains a unique filmmaking destination, nearly fifty years after its inception.",World,"World News, Today World News, Latest International News, World Breaking News, Trending News of World - Times of India",https://timesofindia.indiatimes.com/real-estate/news/george-lucas-began-buying-california-ranchland-in-1978-the-holdings-expanded-to-nearly-5000-acres-with-a-50000-square-foot-main-house-more-than-a-dozen-buildings-and-skywalker-sound-at-its-core/articleshow/134739822.cms,2026-10-06T17:40:44+05:30,1
101,From hunted-out woods to a deer refuge: How a Missouri couple transformed their 300-acre property,"Mike and Dana Blevins turned their 300-acre property in Missouri into a thriving habitat for white-tailed deer. After purchasing the land, they implemented habitat management practices supported by the Missouri Department of Conservation. Their efforts contributed to the significant recovery of deer populations in the region, which faced near extinction in the past. As chronic wasting disease poses new challenges, they took part in management efforts to control infections.","From hunted-out woods to a deer refuge: How a Missouri couple transformed their 300-acre property. Mike and Dana Blevins turned their 300-acre property in Missouri into a thriving habitat for white-tailed deer. After purchasing the land, they implemented habitat management practices supported by the Missouri Department of Conservation. Their efforts contributed to the significant recovery of deer populations in the region, which faced near extinction in the past. As chronic wasting disease poses new challenges, they took part in management efforts to control infections.",World,"World News, Today World News, Latest International News, World Breaking News, Trending News of World - Times of India",https://timesofindia.indiatimes.com/world/us/in-1992-mike-and-dana-blevins-bought-a-300-acre-missouri-property-where-cattle-and-heavy-hunting-had-damaged-the-deer-habitat-34-years-later-their-restoration-work-has-helped-turn-the-land-into-a-managed-refuge-for-a-thriving-herd/articleshow/134736347.cms,2026-10-06T17:55:21+05:30,1
102,"Wisconsin bargain hunter paid $29 for painting; later identified as Heade, sold for $882,500","In a remarkable turn of events, a man from Wisconsin stumbled upon a magnolia painting for just $29 at a rummage sale in the 1990s. A decade later, the artwork was authenticated as the work of esteemed American artist Martin Johnson Heade. Auctioned at Christie’s, it fetched an astonishing $882,500, shattering initial estimates of $300,000 to $500,000.","Wisconsin bargain hunter paid $29 for painting; later identified as Heade, sold for $882,500. In a remarkable turn of events, a man from Wisconsin stumbled upon a magnolia painting for just $29 at a rummage sale in the 1990s. A decade later, the artwork was authenticated as the work of esteemed American artist Martin Johnson Heade. Auctioned at Christie’s, it fetched an astonishing $882,500, shattering initial estimates of $300,000 to $500,000.",World,"World News, Today World News, Latest International News, World Breaking News, Trending News of World - Times of India",https://timesofindia.indiatimes.com/world/us/a-wisconsin-bargain-hunter-paid-just-29-for-a-flower-painting-at-a-rummage-sale-about-a-decade-later-it-was-authenticated-as-a-martin-johnson-heade-and-sold-at-christies-for-882500/articleshow/134737557.cms,2026-10-06T17:54:21+05:30,1
103,"US, China in talks for reciprocal visits to nuclear sites in bid to build trust","The United States intends to begin reciprocal visits to nuclear facilities in China, aiming to strengthen trust between the two nations. This proactive initiative seeks to avert a possible arms race amidst escalating worries over China's expanding nuclear arsenal. Currently, officials from both sides are engaging in preliminary talks. A pivotal meeting between US and Chinese leaders is expected later this year to enhance dialogue surrounding nuclear risks and capabilities.","US, China in talks for reciprocal visits to nuclear sites in bid to build trust. The United States intends to begin reciprocal visits to nuclear facilities in China, aiming to strengthen trust between the two nations. This proactive initiative seeks to avert a possible arms race amidst escalating worries over China's expanding nuclear arsenal. Currently, officials from both sides are engaging in preliminary talks. A pivotal meeting between US and Chinese leaders is expected later this year to enhance dialogue surrounding nuclear risks and capabilities.",World,"World News, Today World News, Latest International News, World Breaking News, Trending News of World - Times of India",https://timesofindia.indiatimes.com/world/us/us-china-in-talks-for-reciprocal-visits-to-nuclear-sites-in-bid-to-build-trust-prevent-arms-race/articleshow/134739232.cms,2026-10-06T17:16:18+05:30,1
104,Ancient DNA reveals an unknown extinct bovine related to modern yaks,,Ancient DNA reveals an unknown extinct bovine related to modern yaks. ,World,"World News, Today World News, Latest International News, World Breaking News, Trending News of World - Times of India",https://timesofindia.indiatimes.com/science/archaeology/scientists-studying-ancient-siberian-bone-fragments-used-dna-to-identify-a-previously-unknown-extinct-bovine-related-to-modern-yaks-that-followed-its-own-evolutionary-path-for-hundreds-of-thousands-of-years/articleshow/134738756.cms,2026-10-06T16:53:59+05:30,1
105,"Meet Sartaj Singh Gandhi, the student who built a sensor to detect spoiled meat","Sartaj Singh Gandhi, a brilliant seventh grader, has innovatively developed a device that monitors the freshness of various meats by tracking ammonia gas released during decay. His research revealed that peak ammonia levels were detected on day six of testing turkey, chicken, pork, and beef. With plans to broaden the device's capabilities to other food types, Sartaj dreams of a future in cardiothoracic surgery.","Meet Sartaj Singh Gandhi, the student who built a sensor to detect spoiled meat. Sartaj Singh Gandhi, a brilliant seventh grader, has innovatively developed a device that monitors the freshness of various meats by tracking ammonia gas released during decay. His research revealed that peak ammonia levels were detected on day six of testing turkey, chicken, pork, and beef. With plans to broaden the device's capabilities to other food types, Sartaj dreams of a future in cardiothoracic surgery.",World,"World News, Today World News, Latest International News, World Breaking News, Trending News of World - Times of India",https://timesofindia.indiatimes.com/science/discovery/meet-sartaj-singh-gandhi-the-new-jersey-student-who-built-a-sensor-to-detect-when-chicken-turkey-and-pork-start-spoiling/articleshow/134724763.cms,2026-10-06T11:45:00+05:30,1
106,Drones strike two vessels in Bulgaria's economic zone; one ship sinks,"Bulgarian Prime Minister Rumen Radev revealed that drones targeted two commercial ships in Bulgaria's Exclusive Economic Zone, leading to alarming consequences. The Togo-flagged Alfa Watan sank after critical damage, while the Able vessel from Palau caught fire. Remarkably, a Bulgarian ferry was able to rescue all 18 crew members, with two suffering serious injuries.","Drones strike two vessels in Bulgaria's economic zone; one ship sinks. Bulgarian Prime Minister Rumen Radev revealed that drones targeted two commercial ships in Bulgaria's Exclusive Economic Zone, leading to alarming consequences. The Togo-flagged Alfa Watan sank after critical damage, while the Able vessel from Palau caught fire. Remarkably, a Bulgarian ferry was able to rescue all 18 crew members, with two suffering serious injuries.",World,"World News, Today World News, Latest International News, World Breaking News, Trending News of World - Times of India",https://timesofindia.indiatimes.com/world/europe/drones-strike-two-vessels-in-bulgarias-economic-zone-one-ship-sinks/articleshow/134737483.cms,2026-10-06T16:06:06+05:30,1
